Response,Income,Recency,NumCatalogPurchases,cluster_em,cluster_em_probability
1,58138.0,58,10,1,1.0
0,46344.0,38,1,0,0.9729470482003684
0,71613.0,26,2,0,0.7194617915083155
0,26646.0,26,0,0,0.9868822910275186
0,58293.0,94,3,2,0.6102040536045492
0,62513.0,16,4,2,0.996687363669895
0,55635.0,34,3,2,0.7388088065089261
0,33454.0,32,0,0,0.9841189697727042
1,30351.0,19,0,1,1.0
0,5648.0,68,0,0,0.9595209758602475
0,7500.0,59,0,0,0.9659651808079871
0,63033.0,82,4,2,0.9924254586275842
0,59354.0,53,1,0,0.9167465758268826
0,17323.0,38,0,0,0.9835252161566572
1,82800.0,23,6,1,1.0
0,41850.0,51,0,0,0.9678035656557038
0,37760.0,20,1,0,0.9768028123588824
0,76995.0,91,4,2,0.9849667709020694
0,33812.0,86,1,0,0.9775431416781919
0,37040.0,41,2,0,0.8025165691253949
0,2447.0,42,28,2,1.0
0,58607.0,63,3,2,0.6625740688116533
0,65324.0,0,2,0,0.8271792737881861
0,40689.0,69,1,0,0.9771102046227044
0,18589.0,89,1,0,0.941379568760399
0,53359.0,4,1,0,0.9613087629185068
0,38360.0,26,1,0,0.9769825522777699
0,84618.0,96,9,2,1.0
0,10979.0,34,0,0,0.9744050924666208
0,38620.0,56,5,2,0.9999999859375033
0,40548.0,31,1,0,0.9769348903253765
1,46610.0,8,1,1,1.0
0,68657.0,4,5,2,0.9999933064504182
0,49389.0,55,0,0,0.9182596207160383
0,67353.0,37,6,2,0.9999999985505894
0,23718.0,76,1,0,0.9613512737085749
0,42429.0,99,1,0,0.9763605985298354
1,48948.0,53,10,1,1.0
0,80011.0,3,6,2,0.9999999908404003
0,20559.0,88,0,0,0.9851718257655585
0,21994.0,4,0,0,0.9866787582952885
0,7500.0,19,0,0,0.9628993877357334
0,79941.0,72,4,2,0.9875059195709466
1,7500.0,24,1,1,1.0
0,41728.0,92,0,0,0.9607746755804756
0,72550.0,39,2,0,0.6912177704611724
0,65486.0,29,2,0,0.8237278048998754
0,79143.0,2,9,2,1.0
0,35790.0,54,0,0,0.980249774415162
1,82582.0,54,9,1,1.0
0,66373.0,57,2,0,0.8117742914993096
1,82384.0,55,10,1,1.0
1,70287.0,30,5,1,1.0
0,27938.0,31,0,0,0.9865718703565864
0,55954.0,63,2,0,0.8908216573953472
1,75777.0,12,6,1,1.0
0,66653.0,18,2,0,0.8101027577288984
0,61823.0,26,2,0,0.8570938559388936
0,67680.0,8,3,2,0.7044042214007227
0,70666.0,29,4,2,0.9928032298987102
1,25721.0,75,1,1,1.0
0,32474.0,0,0,0,0.9865386005325012
1,88194.0,19,10,1,1.0
0,69096.0,4,2,0,0.77628363759541
0,74854.0,90,5,2,0.9999464338942506
0,66991.0,1,8,2,1.0
0,65031.0,29,3,2,0.6815299029845162
0,60631.0,88,2,0,0.8736429894643476
0,28332.0,58,1,0,0.9700254553158976
0,40246.0,68,0,0,0.9699462330778144
1,75251.0,34,6,1,1.0
1,75825.0,40,8,1,1.0
0,26326.0,12,0,0,0.9873248472786553
1,56046.0,9,1,1,1.0
0,29760.0,87,1,0,0.9745655250709435
0,26304.0,5,0,0,0.9875457403928932
0,23559.0,87,0,0,0.9856043926394186
0,38620.0,56,5,2,0.9999999859375033
0,81361.0,18,10,2,1.0
0,29440.0,95,0,0,0.9838052866265972
0,36138.0,48,1,0,0.9769085564242921
1,50388.0,3,1,1,1.0
0,79593.0,70,6,2,0.9999999696278727
0,54178.0,79,2,0,0.8992236073651623
0,42394.0,69,0,0,0.9624938073401037
0,23626.0,84,1,0,0.9624184171029962
0,30096.0,30,0,0,0.986036398935922
0,47916.0,72,4,2,0.9991309129692981
0,51813.0,37,0,0,0.8983568460279957
0,78497.0,44,7,2,0.9999999999993179
0,50150.0,32,2,0,0.8862907497753538
0,47823.0,0,0,0,0.9547515617445621
0,34554.0,43,0,0,0.9824653601219356
0,85693.0,59,5,2,0.9999295879918848
0,65846.0,68,3,2,0.6325391909258806
1,87195.0,35,11,1,1.0
0,24594.0,94,0,0,0.9854624364243713
0,49096.0,15,1,0,0.9700825702242679
0,52413.0,56,4,2,0.9985307071993395
0,38557.0,17,1,0,0.9769331480960961
0,89058.0,18,4,2,0.9937445608771048
0,77298.0,46,6,2,0.9999999868615803
1,68126.0,40,4,1,1.0
0,57288.0,27,1,0,0.9399958105634357
1,86037.0,95,7,1,1.0
0,43974.0,19,4,2,0.9998283733707249
0,50785.0,27,1,0,0.9658656369086289
0,90765.0,25,6,2,0.9999999463973109
0,36550.0,74,1,0,0.977804332157839
0,30753.0,85,1,0,0.9754215862257339
0,21918.0,37,0,0,0.9860414595360601
0,56129.0,65,2,0,0.8907864098866153
1,32557.0,13,1,1,1.0
0,19510.0,63,0,0,0.9848559783292872
0,30992.0,83,0,0,0.9832460079530382
1,101970.0,69,8,1,1.0
0,71488.0,87,4,2,0.9867469935118555
1,79607.0,37,6,1,1.0
0,54348.0,51,0,0,0.8360874867566058
0,77376.0,72,3,2,0.7400290300071888
0,62998.0,10,4,2,0.9967445756130675
0,61331.0,42,1,0,0.8985378035186656
0,73448.0,10,2,0,0.6797332788597573
0,41551.0,51,1,0,0.9766272318786824
0,62981.0,21,5,2,0.9999965966716466
0,9548.0,31,0,0,0.9706484105662095
0,33762.0,61,2,0,0.7712169467516251
1,35860.0,37,1,1,1.0
0,36921.0,74,0,0,0.9767846752565692
0,92859.0,46,4,2,0.9945450885840073
1,65104.0,4,5,1,1.0
0,86111.0,73,7,2,0.9999999999926841
0,68352.0,47,5,2,0.9999873918714552
0,41883.0,13,2,0,0.8362527680436506
0,59809.0,36,3,2,0.6948848204269427
1,23957.0,47,0,1,1.0
0,38547.0,49,0,0,0.9763633037987054
0,35688.0,94,1,0,0.9784434203027491
0,49605.0,65,1,0,0.9661155548353774
0,59354.0,59,4,2,0.9960632830072563
0,65747.0,96,1,0,0.7716163968962322
0,46344.0,28,1,0,0.9732877960187305
0,34176.0,12,0,0,0.984855098177595
0,61010.0,57,5,2,0.999995568099647
1,69372.0,10,4,1,1.0
0,49967.0,4,1,0,0.9693315795560602
0,60199.0,49,0,0,0.6197274204903308
0,55375.0,3,1,0,0.9543434678931093
0,80317.0,64,4,2,0.9883420761198326
0,30523.0,0,0,0,0.9872421947069484
0,70356.0,20,6,2,0.9999999980035268
0,23228.0,91,0,0,0.9855528857736718
0,74165.0,9,4,2,0.9930213144169299
0,157243.0,98,22,2,1.0
0,43482.0,83,0,0,0.9544148825556528
0,62551.0,27,7,2,0.9999999999999962
0,52332.0,63,2,0,0.8970021524049053
0,66951.0,46,4,2,0.9931793185668228
0,26091.0,84,1,0,0.9685916897871906
0,33456.0,58,0,0,0.9825295235704128
0,28718.0,78,0,0,0.9847427338907623
0,50447.0,4,1,0,0.9684344547774013
0,53537.0,17,1,0,0.9591251133441788
0,52074.0,77,2,0,0.9015059640622857
0,80427.0,56,8,2,1.0
1,83837.0,79,10,1,1.0
0,38853.0,90,0,0,0.9708146434728768
0,38285.0,96,0,0,0.9715748069969692
0,78497.0,44,7,2,0.9999999999993179
0,51650.0,81,1,0,0.959187977740218
0,16248.0,77,1,0,0.9182559133702022
0,66835.0,21,4,2,0.9948131079009338
0,30477.0,16,1,0,0.9703726710227749
0,28249.0,80,0,0,0.9848738444720958
0,25271.0,45,1,0,0.9613667562695944
0,32303.0,63,0,0,0.9832237001266959
0,61286.0,34,1,0,0.9024776879144466
0,74068.0,14,10,2,1.0
0,45759.0,13,0,0,0.9611622975878441
0,24882.0,52,1,0,0.9611792417539161
0,66973.0,98,7,2,0.9999999999998803
0,36640.0,99,1,0,0.978701663721094
0,38872.0,93,0,0,0.9703895216146898
0,51148.0,38,1,0,0.9640796804902495
0,31353.0,24,1,0,0.9721412941966214
0,69661.0,80,3,2,0.6372224894458438
0,80067.0,82,6,2,0.9999999588685928
0,86718.0,20,6,2,0.9999999679196828
1,46854.0,81,1,1,1.0
0,69142.0,50,1,0,0.7013416057636573
0,75922.0,60,4,2,0.9886552192657769
0,63693.0,63,6,2,0.9999999989335593
1,102160.0,54,9,1,1.0
0,40637.0,72,0,0,0.968181547377303
1,18890.0,5,1,1,1.0
0,29604.0,88,0,0,0.9839525156915447
0,48721.0,50,2,0,0.8905560247643329
0,44794.0,99,0,0,0.9418837399464893
1,64497.0,17,4,1,1.0
0,46097.0,11,1,0,0.9741790521144733
0,77972.0,18,6,2,0.999999991408604
0,44377.0,70,1,0,0.9745008974223516
0,46014.0,21,1,0,0.9738918377124683
0,70951.0,66,4,2,0.9894958459463582
0,41443.0,79,1,0,0.9768424838627994
0,52195.0,2,0,0,0.9177343445539313
0,83790.0,81,10,2,1.0
0,44551.0,24,1,0,0.9751110786577142
0,69508.0,48,4,2,0.991828587371994
0,45204.0,93,1,0,0.9733471495568886
0,72460.0,56,5,2,0.9999751862677009
0,77622.0,3,3,2,0.7770828977678489
0,30732.0,44,1,0,0.9725460010907923
0,63887.0,38,6,2,0.9999999993663791
0,42011.0,46,1,0,0.9764149751709389
0,51369.0,84,2,0,0.9041971214948313
0,51537.0,27,2,0,0.8860971434562699
0,79930.0,72,5,2,0.9999378211701428
0,34320.0,66,0,0,0.9811374919150031
1,37070.0,30,1,1,1.0
0,81975.0,2,3,2,0.8317423711911978
0,38590.0,65,0,0,0.9744507514098267
0,15033.0,37,0,0,0.9812388395134568
0,62745.0,89,8,2,1.0
0,22212.0,49,0,0,0.9859407115095136
0,23661.0,46,0,0,0.9862650524701287
0,79761.0,32,2,2,0.5588176657152747
0,7500.0,54,1,0,0.7022535931330932
0,60182.0,23,0,0,0.6800173765569874
0,73455.0,98,5,2,0.9999471481804574
0,64961.0,97,4,2,0.9894545630262598
0,22804.0,75,0,0,0.9857022730188773
1,73687.0,8,9,1,1.0
0,61074.0,37,5,2,0.9999968577676969
0,31686.0,31,0,0,0.9852875653909643
1,80134.0,40,3,1,1.0
0,75027.0,74,4,2,0.9872846952200722
0,67546.0,90,10,2,1.0
0,65176.0,57,6,2,0.9999999986577934
0,31160.0,59,0,0,0.9842193001135793
0,29938.0,52,0,0,0.9851699144609489
1,102692.0,5,9,1,1.0
0,26490.0,92,1,0,0.9703368946073717
0,75702.0,77,6,2,0.9999999814693388
0,30899.0,35,0,0,0.9854813903216646
0,63342.0,48,3,2,0.6601898727634017
0,45989.0,97,2,0,0.9049638775586192
0,18701.0,95,0,0,0.9845216757549875
0,40737.0,24,0,0,0.9750012042459023
1,15287.0,60,1,1,1.0
0,69674.0,46,2,0,0.7567079408258478
0,44159.0,85,1,0,0.9746461154015023
0,37717.0,31,0,0,0.97964119403379
1,43776.0,9,2,1,1.0
0,38179.0,30,1,0,0.9770045248405372
0,80124.0,47,7,2,0.9999999999989126
1,38097.0,70,2,1,1.0
0,72940.0,13,3,2,0.7253335375340652
0,22070.0,11,2,2,0.7242752662367893
1,69267.0,31,4,1,1.0
0,31788.0,15,0,0,0.9860552933420027
0,61905.0,2,2,0,0.8553174359134478
0,29315.0,55,0,0,0.9853121735701655
0,33378.0,38,0,0,0.9838117903869439
0,66313.0,86,3,2,0.6091312055424754
1,60714.0,56,4,1,1.0
0,77882.0,29,3,2,0.7696801612745942
1,69867.0,30,5,1,1.0
0,63841.0,64,3,2,0.6368959066693579
0,24480.0,46,0,0,0.9863438943680222
0,51369.0,84,2,0,0.9041971214948313
0,37760.0,20,1,0,0.9768028123588824
0,65640.0,74,1,0,0.7939439900714056
0,44319.0,18,0,0,0.9657765843140659
0,30631.0,75,1,0,0.9745785082259149
0,75278.0,17,3,2,0.744607208811916
0,50898.0,88,2,0,0.9057246341719989
0,79946.0,19,11,2,1.0
0,35416.0,62,1,0,0.9771221362103443
0,32414.0,11,0,0,0.9859681118967911
0,38361.0,74,1,0,0.9778117001821043
0,82497.0,32,7,2,0.9999999999986935
0,16626.0,76,0,0,0.9831418713199049
0,29672.0,6,0,0,0.987191229229072
0,55951.0,62,6,2,0.9999999998761433
0,35388.0,20,0,0,0.9833189422461899
0,42386.0,43,0,0,0.9674872407338682
0,68627.0,45,3,2,0.6698255268230752
0,57912.0,34,3,2,0.714152368367522
0,35246.0,53,1,0,0.9767346854459572
0,58821.0,44,2,0,0.8764209224036619
0,46377.0,89,1,0,0.9716635228591175
0,39747.0,43,1,0,0.9771265296530502
0,23976.0,68,1,0,0.9608334348097826
0,80950.0,44,7,2,0.9999999999987745
1,27038.0,64,0,1,1.0
0,77457.0,85,5,2,0.9999376675762249
0,64100.0,93,3,2,0.5932179245375954
0,42670.0,12,2,0,0.8426682272722301
0,12571.0,86,1,0,0.8769712938400571
0,22574.0,28,0,0,0.9863902125613102
0,70893.0,42,6,2,0.9999999964462634
0,54198.0,13,1,0,0.9573488828061552
0,28839.0,86,0,0,0.9844265926519195
0,40321.0,59,0,0,0.9710451511682018
0,66503.0,30,3,2,0.6803087749614014
0,30833.0,33,0,0,0.9856045869462322
0,64795.0,23,3,2,0.6889037939481575
0,34421.0,81,0,0,0.9799993396125187
0,47025.0,6,0,0,0.9571018921414494
0,64325.0,41,3,2,0.6675877503953536
0,40464.0,78,2,0,0.8703964582915164
0,62187.0,49,8,2,1.0
0,14849.0,39,0,0,0.9810350295055881
0,27255.0,3,0,0,0.9876151123359553
0,54432.0,37,0,0,0.8500458662786987
0,29999.0,22,1,0,0.9699710714592524
0,24072.0,79,0,0,0.9857155544890759
0,33996.0,46,1,0,0.9757918330396925
1,66334.0,82,3,1,1.0
1,35178.0,10,1,1,1.0
0,22010.0,51,0,0,0.98586110696472
0,62204.0,38,5,2,0.9999960467110068
1,75693.0,10,4,1,1.0
0,30675.0,14,0,0,0.986549364473669
1,83003.0,18,6,1,1.0
0,83532.0,36,6,2,0.9999999716944683
0,68655.0,95,5,2,0.9999711426630427
0,41411.0,11,1,0,0.9768526418780543
0,55212.0,65,2,0,0.893247555516691
0,59292.0,71,5,2,0.9999958772299588
1,27190.0,13,0,1,1.0
0,82623.0,58,9,2,1.0
0,44300.0,65,0,0,0.9546142210484827
1,84835.0,0,4,1,1.0
0,30372.0,33,0,0,0.9857998142888894
0,33181.0,90,0,0,0.9809076389334693
0,71113.0,95,7,2,0.9999999999996306
0,71952.0,93,4,2,0.9857097918773675
1,69759.0,38,6,1,1.0
0,72099.0,18,4,2,0.9930436341468301
0,60000.0,57,3,2,0.6619975673856812
0,38643.0,45,0,0,0.976631093657069
0,50737.0,61,0,0,0.8970254762953737
0,68462.0,6,3,2,0.7076725336090753
0,65073.0,65,3,2,0.635453339397379
0,46681.0,52,6,2,0.9999999999954512
0,78618.0,87,7,2,0.9999999999979299
0,62187.0,38,2,0,0.8553625104435209
0,28442.0,53,1,0,0.969755298133393
0,37717.0,31,0,0,0.97964119403379
0,51479.0,67,3,2,0.7417022449518453
0,54803.0,65,2,0,0.894171618092094
0,79530.0,64,10,2,1.0
0,31615.0,82,0,0,0.9828146393585628
0,72025.0,27,3,2,0.7078488023306774
0,52614.0,63,4,2,0.998323592126459
0,35684.0,66,0,0,0.9794299932023706
0,48178.0,69,1,0,0.969003631082344
0,29548.0,52,1,0,0.971475743954293
0,63810.0,45,3,2,0.663221221574554
1,38578.0,2,0,1,1.0
0,46098.0,86,2,0,0.9002460759280178
1,22585.0,23,1,1,1.0
0,30279.0,13,0,0,0.9867240365825952
0,66426.0,14,5,2,0.999994490405647
0,30822.0,92,0,0,0.9829881382304235
0,33581.0,38,0,0,0.9836528691078014
0,19986.0,74,0,0,0.9850206816279842
0,27421.0,14,1,0,0.963785978014818
0,35688.0,94,1,0,0.9784434203027491
0,36143.0,33,1,0,0.9765102954079885
0,10245.0,32,2,2,0.9676243284222403
1,43795.0,11,3,1,1.0
0,63381.0,78,5,2,0.9999901937442529
0,38823.0,56,1,0,0.9773985533931782
0,83664.0,57,2,2,0.7402067985992752
0,90300.0,7,6,2,0.9999999616539204
0,62499.0,0,1,0,0.9032213026724718
0,74293.0,66,4,2,0.988343689375624
0,51012.0,86,1,0,0.9609816979843331
0,70777.0,80,3,2,0.6472069377665653
0,68682.0,56,9,2,1.0
0,43824.0,18,1,0,0.9757527051047479
1,15345.0,51,1,1,1.0
0,23442.0,71,0,0,0.9858153519755107
1,14515.0,71,2,1,1.0
0,31395.0,80,1,0,0.9756486385093288
0,75276.0,2,4,2,0.9931793906593952
0,42373.0,83,1,0,0.9762619585572773
0,30507.0,29,1,0,0.971247650570108
1,55521.0,11,3,1,1.0
0,48006.0,55,0,0,0.9322385913521108
1,27213.0,19,0,1,1.0
0,65808.0,1,1,0,0.8508364446390168
0,30351.0,19,0,0,0.9864321999793616
0,50437.0,28,1,0,0.9665827694151269
1,23616.0,76,0,1,1.0
0,53858.0,50,3,2,0.7363440058476924
0,66465.0,1,9,2,1.0
0,46923.0,90,1,0,0.9707296050521461
0,75072.0,83,4,2,0.9861726097439097
0,75865.0,73,5,2,0.9999543406557642
0,19789.0,24,1,0,0.928887870953896
0,80134.0,11,7,2,0.9999999999995454
1,91065.0,33,9,1,1.0
0,49505.0,4,2,0,0.875393624286878
0,37401.0,14,0,0,0.9816681131816186
0,30096.0,30,0,0,0.986036398935922
0,18492.0,75,0,0,0.9843391471696296
1,82584.0,26,4,1,1.0
0,93027.0,77,10,2,1.0
0,48686.0,8,0,0,0.9465298964955023
0,92910.0,42,7,2,0.9999999999879903
0,75433.0,28,5,2,0.9999771571077842
0,10404.0,52,0,0,0.9737991366702676
0,61314.0,1,5,2,0.9999982396043765
1,84865.0,1,4,1,1.0
0,42387.0,42,1,0,0.9762412910428876
0,67309.0,76,6,2,0.9999999966099162
0,75236.0,27,3,2,0.7384235160440307
0,30015.0,28,0,0,0.9861513438691941
0,50943.0,49,0,0,0.9023309355778009
0,67272.0,12,2,0,0.8025263641671471
0,51529.0,14,1,0,0.9652110172339354
0,32011.0,89,1,0,0.9767073191153774
0,7500.0,96,0,0,0.9691534702363195
0,28691.0,56,0,0,0.9855037771462494
0,56223.0,72,1,0,0.9378402650066524
0,18100.0,14,0,0,0.9842714245205462
0,30279.0,13,0,0,0.9867240365825952
0,20130.0,99,0,0,0.9850473889503428
0,23295.0,72,0,0,0.9857896461419563
0,42618.0,92,0,0,0.9567303417260703
0,81246.0,87,5,2,0.999917246854567
0,24027.0,7,0,0,0.9872128281239696
0,55707.0,91,2,0,0.898567715988298
0,57959.0,71,7,2,0.9999999999999973
0,56796.0,24,9,2,1.0
0,36230.0,17,0,0,0.9827255492780231
0,70829.0,87,2,0,0.7239413404833825
0,65991.0,21,5,2,0.9999942540580561
0,38988.0,90,1,0,0.9780789976420592
1,89572.0,44,7,1,1.0
1,42207.0,71,1,1,1.0
0,50300.0,52,1,0,0.9652080689276507
0,66664.0,78,7,2,0.999999999999938
1,60597.0,2,2,1,1.0
0,70165.0,60,7,2,0.9999999999998912
0,50520.0,25,1,0,0.9666258733306872
0,80124.0,47,7,2,0.9999999999989126
0,33183.0,46,0,0,0.9834848387201309
0,66582.0,83,8,2,1.0
1,75261.0,17,6,1,1.0
0,31880.0,13,0,0,0.9861166029719114
0,53790.0,86,2,0,0.9019535524962004
0,49269.0,92,3,2,0.7311184215600817
0,61456.0,47,10,2,1.0
1,37406.0,18,0,1,1.0
1,56937.0,81,6,1,1.0
0,38415.0,91,0,0,0.97182706371499
0,20518.0,58,1,0,0.9437329059048392
0,62503.0,40,3,2,0.6737963474561359
0,41644.0,67,0,0,0.9656831128808336
0,55842.0,19,1,0,0.9495310027049885
0,62010.0,93,2,0,0.8637501988691478
0,41124.0,41,3,2,0.9243273336334726
0,38961.0,60,1,0,0.9774510291719867
0,37760.0,54,0,0,0.9772677277745695
1,32233.0,26,2,1,1.0
0,43057.0,30,2,0,0.857012069259265
0,83151.0,93,9,2,1.0
1,78825.0,35,10,1,1.0
0,65104.0,4,5,2,0.9999962519994356
0,60093.0,92,2,0,0.878074599401836
0,14045.0,24,0,0,0.9798099668685069
0,28457.0,96,1,0,0.9737987922906679
0,78952.0,11,5,2,0.999974606173634
0,46310.0,99,1,0,0.9716372930022333
0,76005.0,72,5,2,0.9999544252855118
0,58308.0,77,6,2,0.9999999996452382
0,55614.0,85,4,2,0.9964832282641795
0,59432.0,88,3,2,0.6135278167262666
0,55563.0,22,0,0,0.8410831449338317
0,78642.0,83,9,2,1.0
0,67911.0,63,7,2,0.99999999999994
0,65275.0,9,3,2,0.7037611628139011
0,27203.0,92,1,0,0.9715692239119061
0,48330.0,2,0,0,0.9511011919476183
0,24279.0,6,1,0,0.9518593410047927
0,64355.0,66,3,2,0.6337770565970476
0,50943.0,49,0,0,0.9023309355778009
0,53653.0,29,4,2,0.9987763813978828
0,65665.0,77,10,2,1.0
0,81217.0,77,7,2,0.9999999999970794
0,34935.0,71,1,0,0.9773004103928234
0,61250.0,49,2,0,0.8632863368266267
0,39665.0,97,2,0,0.8783687199704882
0,60152.0,6,4,2,0.9977442542444422
0,48920.0,93,2,0,0.9072336595279771
0,89120.0,78,6,2,0.9999998882885652
0,44124.0,62,2,0,0.8816424041496396
0,81169.0,47,7,2,0.9999999999986138
0,36443.0,9,1,0,0.97615993181761
0,26095.0,77,0,0,0.9855657084259775
0,71367.0,24,5,2,0.9999866650162607
0,80184.0,19,3,2,0.8041403637631088
0,30630.0,67,0,0,0.9841796052304431
0,73454.0,95,4,2,0.9848841053897266
0,42691.0,48,1,0,0.9760329235383165
0,70503.0,73,4,2,0.9889320695030098
1,25545.0,35,2,1,1.0
0,32880.0,76,0,0,0.9820130862180778
0,77863.0,20,5,2,0.9999740290294262
0,50353.0,72,4,2,0.9986704342462763
0,61839.0,20,8,2,1.0
0,49154.0,69,1,0,0.9669580302768319
0,47682.0,80,3,2,0.7806688935534642
0,72679.0,65,7,2,0.9999999999997449
0,57954.0,52,2,0,0.8815939277413235
0,65316.0,65,2,0,0.8259441228317235
0,28567.0,57,0,0,0.9855101716990602
0,47352.0,70,1,0,0.9704776484551825
0,44931.0,0,1,0,0.9755327899082844
1,76982.0,19,3,1,1.0
0,57247.0,50,1,0,0.935193390107015
0,22944.0,67,0,0,0.9858223954754458
0,25315.0,46,0,0,0.9863667828650228
0,43638.0,37,1,0,0.9755282545021212
0,42710.0,38,5,2,0.9999999660712834
1,84169.0,9,6,1,1.0
0,54058.0,56,6,2,0.9999999999401898
0,24683.0,98,0,0,0.9853949590897643
1,85620.0,68,6,1,1.0
0,47850.0,72,0,0,0.9260519079694786
1,19514.0,47,1,1,1.0
0,27159.0,33,0,0,0.9866186217541446
0,39548.0,87,1,0,0.9778358468443865
1,21474.0,0,1,1,1.0
0,60504.0,73,2,0,0.8718431446529437
0,22419.0,74,2,2,0.5672605735623955
1,81698.0,4,8,1,1.0
0,43462.0,50,1,0,0.9754961440135974
0,54880.0,57,2,0,0.8919668351919704
0,79908.0,30,6,2,0.9999999851251908
0,15315.0,27,0,0,0.9815095197805382
1,87771.0,61,10,1,1.0
0,33039.0,4,0,0,0.986039189442562
0,81741.0,75,6,2,0.999999954421673
0,71499.0,12,3,2,0.7157417563623629
0,62466.0,13,3,2,0.7086419869888988
0,48799.0,9,2,0,0.875187717889759
0,52157.0,48,2,0,0.8925482256470211
0,66565.0,80,2,0,0.8092111105358364
0,29298.0,60,0,0,0.9851301234348845
0,47691.0,43,0,0,0.9399114803632763
0,38200.0,19,0,0,0.9801341468151968
0,44989.0,26,1,0,0.9747019469617911
0,38443.0,58,0,0,0.9755559608017643
0,38593.0,42,1,0,0.9771935791855946
0,64413.0,27,1,0,0.8587373351975134
0,36959.0,56,0,0,0.978404788466624
1,61996.0,27,4,1,1.0
0,51287.0,10,1,0,0.966148405365161
0,13260.0,48,0,0,0.9790149751221862
0,47472.0,39,0,0,0.9431128633704687
0,54603.0,85,2,0,0.8999628023196251
0,45207.0,64,1,0,0.9736670641786537
0,40689.0,69,1,0,0.9771102046227044
0,47821.0,54,0,0,0.9343036604947423
0,27450.0,57,1,0,0.9682679415928049
0,39453.0,64,0,0,0.9725899142303186
0,26850.0,10,1,0,0.9617733430050338
1,79800.0,65,11,1,1.0
0,61794.0,74,4,2,0.9938627767851039
0,53863.0,4,1,0,0.9597234943148338
0,24221.0,94,1,0,0.9656810940884274
1,39684.0,41,1,1,1.0
1,92163.0,25,11,1,1.0
0,69882.0,94,7,2,0.9999999999997466
0,33178.0,9,0,0,0.9856731350835534
0,59973.0,47,4,2,0.9963672393833721
1,17459.0,12,1,1,1.0
0,23910.0,80,0,0,0.9857009664649223
0,42169.0,20,0,0,0.9721369767373714
0,26224.0,39,1,0,0.9633329612402016
0,31089.0,57,0,0,0.9843553699824391
0,30081.0,27,0,0,0.9861717183598636
0,62807.0,83,3,2,0.609333812238023
0,72906.0,79,4,2,0.9872351706488496
0,61467.0,69,2,0,0.8643805236448211
0,49618.0,77,1,0,0.9654660503505623
1,21888.0,15,1,1,1.0
0,42429.0,99,1,0,0.9763605985298354
0,26150.0,61,0,0,0.9859395276276659
0,30801.0,23,0,0,0.9860839769233274
0,81168.0,84,4,2,0.9865813705518919
0,26877.0,74,1,0,0.968984293955888
0,45006.0,90,1,0,0.9736259288852515
0,18978.0,41,0,0,0.9846806512411375
0,22574.0,28,0,0,0.9863902125613102
1,48240.0,73,3,1,1.0
0,45837.0,88,2,0,0.9005328765973515
0,35791.0,94,0,0,0.9770037532693572
0,162397.0,31,0,2,1.0
0,54162.0,31,0,0,0.8623401154601413
0,30522.0,6,2,0,0.5974400970578245
0,54456.0,23,1,0,0.9549605689335338
0,31632.0,92,1,0,0.9766337389221024
0,72298.0,52,3,2,0.6894856753835611
0,36975.0,50,0,0,0.9789359763494447
0,72635.0,54,8,2,1.0
0,13624.0,93,0,0,0.9806260987977937
0,84196.0,56,4,2,0.9900686754428469
1,70971.0,28,11,1,1.0
0,34487.0,94,0,0,0.9790259109001017
0,28769.0,76,1,0,0.9723736628439349
0,69084.0,43,3,2,0.6741619069136341
0,65488.0,46,4,2,0.9938886923931215
0,62466.0,13,3,2,0.7086419869888988
1,32218.0,27,1,1,1.0
1,83917.0,12,7,1,1.0
0,46102.0,3,0,0,0.9622872587551334
0,84574.0,72,11,2,1.0
0,56181.0,6,2,0,0.8784371038261115
1,63120.0,53,4,1,1.0
0,73691.0,58,2,0,0.6508318239247298
0,63381.0,78,5,2,0.9999901937442529
0,76140.0,57,9,2,1.0
0,62859.0,37,4,2,0.9956303389793502
0,45906.0,20,4,2,0.9997371076621648
1,77632.0,73,2,1,1.0
0,46463.0,56,1,0,0.9722507279045212
1,105471.0,36,8,1,1.0
0,55282.0,9,1,0,0.9537393576538219
0,78710.0,42,6,2,0.9999999846004882
0,66886.0,28,1,0,0.8017203198637669
0,98777.0,23,6,2,0.9999999097199009
0,29103.0,38,0,0,0.9860382551668249
0,67445.0,63,6,2,0.9999999973804721
0,50616.0,71,1,0,0.9631338928874889
0,49431.0,9,1,0,0.9699114635433445
0,153924.0,81,0,2,1.0
0,61278.0,87,1,0,0.879978812707316
0,26490.0,92,1,0,0.9703368946073717
0,73059.0,36,3,2,0.7098387983902159
0,46734.0,86,2,0,0.9016200186907161
0,56253.0,83,2,0,0.8947596544804014
0,19986.0,74,0,0,0.9850206816279842
0,58330.0,87,4,2,0.9949576965615232
0,25965.0,29,0,0,0.9868134472810399
0,14661.0,88,0,0,0.9816103552619557
0,18690.0,77,1,0,0.9380819441142043
0,45068.0,25,0,0,0.9611332281579389
0,21063.0,34,0,0,0.9857837408205619
0,29187.0,43,0,0,0.9858185785062874
0,54690.0,76,1,0,0.9464402270170845
0,59304.0,81,8,2,1.0
0,59247.0,87,2,0,0.8822480383189958
0,66731.0,33,3,2,0.6772274418446401
0,77353.0,38,4,2,0.9904505513467102
0,52614.0,63,4,2,0.998323592126459
0,26751.0,26,0,0,0.986876320115372
1,81300.0,17,3,1,1.0
0,70337.0,75,2,0,0.7375883135696201
1,36145.0,13,1,1,1.0
0,65295.0,19,3,2,0.6927680720415991
0,68118.0,51,9,2,1.0
0,68743.0,81,5,2,0.9999768463251975
0,41039.0,32,1,0,0.9768181651931144
0,38946.0,84,1,0,0.9779438268467766
0,65777.0,87,8,2,1.0
0,66476.0,99,2,0,0.8115637121921726
1,86857.0,96,6,1,1.0
0,160803.0,21,28,2,1.0
0,77845.0,40,5,2,0.9999659250803389
0,69476.0,3,6,2,0.9999999988506424
1,50611.0,98,5,1,1.0
0,61209.0,73,3,2,0.6299424836247822
0,42315.0,90,4,2,0.9996133001958927
0,13084.0,29,0,0,0.9783763692331326
1,47570.0,3,2,1,1.0
0,61923.0,94,1,0,0.8659242343210559
0,34824.0,65,0,0,0.9806206886975563
1,26518.0,33,0,1,1.0
0,45938.0,46,4,2,0.9996036061068986
0,78468.0,29,7,2,0.9999999999995328
0,78901.0,99,3,2,0.7495846019755941
0,71427.0,26,2,0,0.723808330171353
0,71022.0,30,2,0,0.7317837608061449
1,90247.0,27,4,1,1.0
0,41335.0,24,1,0,0.9767677285923265
0,71952.0,93,4,2,0.9857097918773675
0,35682.0,34,1,0,0.9763335228246888
0,43185.0,88,3,2,0.8442535692523631
0,66375.0,96,4,2,0.9885500164257107
1,35178.0,10,1,1,1.0
0,25252.0,26,0,0,0.9868782979487075
0,55250.0,49,5,2,0.9999988315119602
0,33249.0,11,1,0,0.9737863119745863
0,58398.0,44,4,2,0.9970977680562113
0,50272.0,75,1,0,0.96385327920704
0,76618.0,64,2,0,0.5450144095970058
1,87305.0,19,3,1,1.0
0,25851.0,45,0,0,0.9863772734670442
0,58710.0,77,5,2,0.9999958851791708
0,45160.0,9,0,0,0.9646460228275272
0,74806.0,1,4,2,0.9933348469438735
0,59111.0,90,1,0,0.9081325419153514
0,18988.0,43,0,0,0.9846745895592672
0,72190.0,79,6,2,0.9999999898936613
1,7500.0,19,1,1,1.0
0,44794.0,99,0,0,0.9418837399464893
0,80395.0,62,5,2,0.999944022982271
0,75012.0,41,8,2,1.0
0,56962.0,60,3,2,0.6827536365873322
0,89891.0,17,6,2,0.99999995674428
0,35946.0,24,0,0,0.9824627886136185
0,53593.0,60,2,0,0.8949091489172681
0,66373.0,57,2,0,0.8117742914993096
0,45072.0,74,1,0,0.9736866815771651
0,89694.0,22,3,2,0.9248659535010706
1,72025.0,46,8,1,1.0
0,67432.0,69,5,2,0.9999841811440406
0,70545.0,29,1,0,0.6739232893622481
0,17487.0,37,0,0,0.9836593488037617
0,62882.0,26,5,2,0.9999963603875903
0,64108.0,8,9,2,1.0
0,34941.0,26,0,0,0.9832932922769577
0,48767.0,79,1,0,0.9673917946188697
0,38702.0,71,0,0,0.9734977151684214
0,82224.0,83,9,2,1.0
0,83844.0,57,4,2,0.9898718646453659
0,17003.0,37,0,0,0.9832559772262854
0,71163.0,30,8,2,1.0
0,33697.0,34,0,0,0.9838100795152547
1,63564.0,0,10,1,1.0
0,83443.0,89,10,2,1.0
0,51518.0,92,2,0,0.9067250925661111
0,58330.0,87,4,2,0.9949576965615232
1,80952.0,20,5,1,1.0
0,75507.0,56,6,2,0.9999999882998911
0,63855.0,28,3,2,0.6849293564293292
1,62220.0,55,6,1,1.0
0,58512.0,25,4,2,0.9976835110260677
0,40662.0,0,1,0,0.9770593135523032
0,38829.0,86,2,0,0.8637970007092448
0,35523.0,8,0,0,0.9840846131430139
0,79146.0,33,1,2,0.7680698427244218
0,78285.0,13,4,2,0.9921077360656506
1,31626.0,12,1,1,1.0
0,75127.0,92,11,2,1.0
0,48726.0,90,2,0,0.9059617544196811
0,74985.0,8,6,2,0.9999999959133563
0,67430.0,6,5,2,0.9999942960154189
0,46891.0,91,1,0,0.9707667758485589
0,62058.0,52,1,0,0.8839552875004951
0,72063.0,3,2,0,0.7177737414669126
0,78939.0,57,5,2,0.9999528872460988
1,42720.0,9,3,1,1.0
0,33622.0,22,0,0,0.9846115293499449
0,6835.0,76,0,0,0.965139368885847
0,41452.0,86,0,0,0.9630019375623006
0,40760.0,64,1,0,0.977030762112268
0,74250.0,90,11,2,1.0
0,51124.0,79,0,0,0.877276173631594
0,72258.0,28,9,2,1.0
0,71466.0,86,4,2,0.9868907757692975
0,36283.0,42,0,0,0.9806035136457503
0,20587.0,39,1,0,0.9390081938629342
0,30467.0,8,0,0,0.9868925027259204
0,31590.0,40,0,0,0.9848862367534283
0,20425.0,5,0,0,0.9859308521828407
0,17144.0,96,0,0,0.9837168465324846
1,42564.0,28,8,1,1.0
0,43783.0,22,1,0,0.97569450731094
0,40780.0,30,1,0,0.9768858319339438
0,62847.0,45,6,2,0.9999999994318161
1,82017.0,58,4,1,1.0
0,16813.0,49,0,0,0.9831124901534232
0,51267.0,37,3,2,0.792654784604942
0,46524.0,70,1,0,0.9718057467097089
0,45183.0,33,1,0,0.9743429775581625
0,70421.0,98,3,2,0.6229263717224608
0,60161.0,17,4,2,0.9974253934218509
0,73926.0,54,5,2,0.999971606542576
0,19329.0,39,0,0,0.9848984714664867
0,61872.0,81,4,2,0.9932587294555121
0,46984.0,71,0,0,0.9344776735035305
0,34838.0,62,1,0,0.9768973750563029
0,82716.0,8,8,2,1.0
1,48192.0,76,8,1,1.0
0,49681.0,66,1,0,0.9658798936213165
0,56850.0,83,1,0,0.9312417487092427
0,55267.0,28,4,2,0.9984576266940585
0,59666.0,87,2,0,0.879775733614701
0,72504.0,43,9,2,1.0
0,26872.0,0,1,0,0.9607750602807203
1,21359.0,1,0,1,1.0
0,73170.0,1,4,2,0.9937362702250864
0,52750.0,72,7,2,0.9999999999999996
0,91820.0,72,5,2,0.9999106588083849
0,65968.0,12,4,2,0.9956009956009868
0,30772.0,89,0,0,0.9831502842355393
0,22507.0,67,2,2,0.5811857513574576
0,65685.0,54,2,0,0.8209940908443517
0,25804.0,34,0,0,0.9866746226204204
1,76412.0,15,4,1,1.0
0,22063.0,43,0,0,0.985991067551242
1,57091.0,0,3,1,1.0
0,22419.0,74,2,2,0.5672605735623955
1,87771.0,61,10,1,1.0
0,78353.0,51,2,2,0.5158366461380648
0,93404.0,97,4,2,0.9933038479395483
0,37859.0,75,0,0,0.9748829231653766
0,80995.0,83,9,2,1.0
0,16529.0,23,0,0,0.9828245645496645
0,55412.0,65,0,0,0.7879585242505549
0,48789.0,94,4,2,0.9985697877393694
0,56575.0,42,3,2,0.715908805894165
0,25130.0,10,0,0,0.9873084701749051
0,35441.0,94,0,0,0.977587014387885
0,71391.0,50,5,2,0.9999801097518358
0,49494.0,46,1,0,0.9674326769386851
0,81702.0,98,7,2,0.9999999999945408
0,45889.0,42,0,0,0.9523248566200513
0,56628.0,30,6,2,0.9999999999306384
0,34026.0,11,1,0,0.9745363594906347
0,40049.0,61,2,0,0.8547016194914715
0,34176.0,12,0,0,0.984855098177595
0,19419.0,76,0,0,0.9847871221274229
0,82504.0,2,6,2,0.9999999866938387
1,81205.0,43,6,1,1.0
0,61618.0,27,6,2,0.9999999997290829
0,55284.0,60,5,2,0.9999985450423854
0,49980.0,79,1,0,0.9644246967714839
0,15072.0,96,1,0,0.9159706599773196
0,49166.0,17,3,2,0.8483185853333081
0,65324.0,0,2,0,0.8271792737881861
0,82347.0,38,7,2,0.9999999999985425
0,30843.0,43,1,0,0.972623477595525
1,46374.0,1,1,1,1.0
0,60474.0,25,2,0,0.8654472214580534
0,38576.0,2,0,0,0.9813305285731071
0,55357.0,66,2,0,0.8931445066237741
0,37758.0,49,0,0,0.9777811531093814
0,85710.0,5,9,2,1.0
0,23228.0,71,0,0,0.9857978856819655
0,44602.0,35,1,0,0.9748179088596626
0,7500.0,94,0,0,0.968974794645578
0,38683.0,80,1,0,0.9779056978483478
0,49514.0,61,1,0,0.9665430425572568
0,57906.0,29,2,0,0.8776756911191171
0,43456.0,0,1,0,0.9763655333462518
0,19485.0,80,0,0,0.9848131837766224
0,53172.0,54,3,2,0.7391469034083189
0,30545.0,71,0,0,0.9840592185602313
0,70123.0,27,7,2,0.9999999999999556
0,62450.0,61,5,2,0.9999938141037115
0,21675.0,55,0,0,0.9857195719639283
0,42395.0,35,1,0,0.9762873789456817
0,61346.0,34,7,2,0.9999999999999969
0,80812.0,95,8,2,1.0
0,42835.0,64,6,2,0.9999999999984712
0,39922.0,30,0,0,0.9759283297891735
0,86424.0,12,9,2,1.0
0,17117.0,96,1,0,0.933861872093963
1,24762.0,16,1,1,1.0
0,35797.0,16,0,0,0.9832352656295602
0,36627.0,78,0,0,0.9769337347847253
0,51111.0,83,0,0,0.8743104784708058
1,86857.0,96,6,1,1.0
0,82072.0,67,2,2,0.6847446956709589
0,46231.0,87,1,0,0.9719245777741589
0,42243.0,34,0,0,0.9695498617819233
0,51195.0,46,2,0,0.8918432663198603
0,68092.0,7,6,2,0.9999999990947049
0,31814.0,73,0,0,0.983092866373617
0,51390.0,54,2,0,0.894453192366662
0,76630.0,93,10,2,1.0
0,26868.0,52,0,0,0.9860802275965387
1,48948.0,53,10,1,1.0
0,55260.0,81,10,2,1.0
1,64090.0,8,9,1,1.0
0,78331.0,97,6,2,0.9999999573448675
0,37087.0,50,2,0,0.812427676232583
0,21846.0,38,0,0,0.9860034504630981
0,81320.0,61,3,2,0.8081146389568942
0,54137.0,46,1,0,0.9531186884826837
0,66825.0,73,5,2,0.9999845233778095
0,57100.0,19,3,2,0.7437195383721387
0,58917.0,10,1,0,0.9332529181347029
0,85072.0,94,4,2,0.9875249527019119
1,86429.0,10,4,1,1.0
0,45684.0,37,0,0,0.9549324849590628
0,47889.0,94,0,0,0.9150632547780118
0,45921.0,23,1,0,0.9739174192311346
0,78420.0,75,10,2,1.0
0,75114.0,40,10,2,1.0
1,52278.0,24,5,1,1.0
1,35641.0,11,1,1,1.0
1,95529.0,29,3,1,1.0
0,62820.0,51,4,2,0.9948718378114763
0,73113.0,86,4,2,0.9862609144503296
1,84169.0,9,6,1,1.0
0,42607.0,30,2,0,0.8537107735991516
0,74637.0,73,9,2,1.0
0,46015.0,25,0,0,0.9566532485658541
0,72354.0,67,10,2,1.0
1,39858.0,67,0,1,1.0
0,34469.0,58,1,0,0.9765621989008069
0,83033.0,82,4,2,0.9875146323970696
0,24401.0,98,1,0,0.966736585398387
0,77583.0,93,5,2,0.9999292981135153
0,74116.0,53,4,2,0.9897017102681237
0,74293.0,66,4,2,0.988343689375624
0,68397.0,6,9,2,1.0
0,79632.0,42,4,2,0.9901092700923164
0,46107.0,78,1,0,0.9722584622053477
0,64950.0,29,2,0,0.8297349964403542
0,25443.0,82,0,0,0.9855636966940726
0,75127.0,92,11,2,1.0
0,32892.0,78,0,0,0.9818891913216572
0,71796.0,54,3,2,0.6829536798967438
0,67536.0,45,5,2,0.999989172220857
0,55239.0,59,5,2,0.999998587044877
0,60554.0,8,4,2,0.9975757147805443
0,64831.0,51,3,2,0.6541838136153681
0,56067.0,51,4,2,0.9976519879648389
1,82025.0,76,2,1,1.0
1,94384.0,62,8,1,1.0
0,14906.0,86,1,0,0.9087785200107673
0,51563.0,60,4,2,0.9986413738301407
0,57937.0,56,4,2,0.9968003851113337
0,68274.0,83,2,0,0.7802609006023856
0,39771.0,92,0,0,0.9679015023213409
0,67893.0,31,2,0,0.7908614387363718
0,27922.0,80,0,0,0.9849975637491423
0,52190.0,39,1,0,0.9610240786637779
1,44051.0,20,1,1,1.0
0,42767.0,53,1,0,0.9759584563030518
0,46106.0,84,1,0,0.9721611701550233
0,16927.0,50,0,0,0.9832112466365754
1,59754.0,96,2,1,1.0
0,53700.0,94,5,2,0.9999979999252973
0,59041.0,25,0,0,0.7249740749955744
0,54237.0,48,2,0,0.8908036680259818
0,70647.0,65,7,2,0.9999999999998566
0,52597.0,69,3,2,0.7215434441215575
1,41021.0,12,0,1,1.0
0,40233.0,84,1,0,0.9775157928780956
0,50183.0,47,1,0,0.9658230493141986
0,54753.0,87,2,0,0.900151323146115
1,92955.0,35,7,1,1.0
0,33471.0,47,0,0,0.9831888280079748
1,34596.0,48,0,1,1.0
0,44010.0,46,2,0,0.8722899600214886
0,84219.0,27,4,2,0.9918260473406105
0,40706.0,37,0,0,0.9732343737016882
0,15716.0,8,0,0,0.9819584981530267
0,59052.0,29,1,0,0.9267322894962465
0,80573.0,85,6,2,0.9999999531121031
0,83715.0,2,8,2,1.0
0,82576.0,66,4,2,0.9887454084999989
0,56962.0,60,3,2,0.6827536365873322
0,35704.0,54,0,0,0.9803603582370943
0,53103.0,70,6,2,0.9999999999367779
0,46779.0,55,1,0,0.9718339232324571
0,4861.0,20,0,0,0.949450924506304
0,33462.0,78,0,0,0.9813088727736695
0,63693.0,63,6,2,0.9999999989335593
1,80763.0,17,11,1,1.0
0,65352.0,43,2,0,0.8250603354109161
0,82170.0,13,6,2,0.999999984585561
1,75759.0,46,7,1,1.0
0,79689.0,65,9,2,1.0
0,35340.0,1,0,0,0.9847412762382947
1,85683.0,6,4,1,1.0
0,24884.0,32,0,0,0.9866991410245143
0,42021.0,34,1,0,0.9764661306951149
0,64449.0,70,3,2,0.6280770247456956
0,64587.0,49,1,0,0.8398598958776158
0,34824.0,65,0,0,0.9806206886975563
0,75437.0,25,4,2,0.9916950737893262
0,26091.0,84,1,0,0.9685916897871906
0,52845.0,7,8,2,1.0
0,46086.0,34,1,0,0.9733782091306518
1,78028.0,38,4,1,1.0
1,95169.0,1,3,1,1.0
1,56337.0,25,5,1,1.0
0,22434.0,25,0,0,0.9864074834104206
0,36930.0,50,2,0,0.810253190902973
1,36130.0,46,8,1,1.0
0,65569.0,96,5,2,0.9999809733737011
0,83844.0,57,4,2,0.9898718646453659
0,19514.0,47,1,0,0.9340609591830842
0,36736.0,52,0,0,0.9791106055965858
0,77568.0,30,2,0,0.5310290089037426
0,49187.0,63,1,0,0.967175242939755
0,30168.0,51,1,0,0.972283922808695
0,34053.0,14,0,0,0.9848128324436847
0,38196.0,20,0,0,0.9800389915267258
0,59412.0,56,2,0,0.8754946029991548
0,70924.0,41,6,2,0.9999999964972566
0,54165.0,72,1,0,0.9496554545151205
0,32300.0,1,0,0,0.9865618634887806
0,20180.0,27,1,0,0.9327966961242706
0,34961.0,77,1,0,0.977560250448081
0,28440.0,87,0,0,0.9845804407030494
1,64504.0,81,3,1,1.0
0,33564.0,51,1,0,0.9757143274989432
0,17345.0,79,1,0,0.9288989625932437
0,56320.0,11,4,2,0.9985597378932383
1,28647.0,54,2,1,1.0
0,15038.0,93,1,0,0.9140319116661564
0,32173.0,0,0,0,0.98666971349418
0,68316.0,54,7,2,0.9999999999999469
1,74538.0,21,8,1,1.0
1,91700.0,58,6,1,1.0
0,68695.0,3,4,2,0.9950440365856451
0,31056.0,99,0,0,0.9825098909453869
0,79593.0,70,6,2,0.9999999696278727
0,28071.0,65,1,0,0.9702406128209701
0,37334.0,44,0,0,0.9789552633126782
0,46423.0,6,0,0,0.9600409009708851
1,37126.0,9,2,1,1.0
0,47703.0,95,3,2,0.7527541806782778
0,61180.0,70,5,2,0.9999942202244997
0,38998.0,92,0,0,0.9701697314657244
0,8028.0,62,1,0,0.7351082289457621
0,76081.0,85,5,2,0.9999444331039523
1,34728.0,2,1,1,1.0
0,33168.0,0,1,0,0.9733043651858677
0,33585.0,91,0,0,0.980384464353855
0,77037.0,3,7,2,0.9999999999998298
1,35196.0,68,1,1,1.0
0,44529.0,98,2,0,0.9017837916303104
0,70924.0,41,6,2,0.9999999964972566
0,28764.0,16,0,0,0.9869741122922858
0,69098.0,82,8,2,1.0
1,25959.0,1,2,1,1.0
0,27100.0,64,0,0,0.9856944602625228
0,70596.0,68,5,2,0.999976136754015
0,42557.0,98,1,0,0.9762416927753735
0,53312.0,32,1,0,0.9580742624420608
0,72228.0,87,7,2,0.9999999999995948
0,67605.0,84,8,2,1.0
0,62845.0,3,4,2,0.9970379914001954
0,65196.0,34,6,2,0.999999999194237
1,42000.0,23,2,1,1.0
0,35860.0,37,1,0,0.9764958895300005
0,65526.0,22,4,2,0.9952856462166773
0,16860.0,19,1,0,0.896892980664054
1,83528.0,7,10,1,1.0
0,64176.0,52,9,2,1.0
0,22304.0,91,0,0,0.9854911966647586
0,67023.0,93,7,2,0.9999999999998944
0,32892.0,78,0,0,0.9818891913216572
0,70713.0,23,6,2,0.9999999977022369
0,59925.0,83,2,0,0.8773900415213901
0,39722.0,92,0,0,0.9680534831020363
0,46610.0,4,1,0,0.9739631170218306
0,88347.0,32,7,2,0.9999999999956268
0,87171.0,27,7,2,0.9999999999968849
0,26907.0,10,0,0,0.9873865744890341
0,50014.0,9,1,0,0.9688705296870245
0,41014.0,65,0,0,0.9681121371806285
0,66294.0,68,3,2,0.6336432188683133
1,36715.0,16,2,1,1.0
1,79456.0,12,6,1,1.0
0,40479.0,95,0,0,0.9650976278137844
1,75345.0,16,8,1,1.0
0,54233.0,46,6,2,0.999999999950822
0,24163.0,3,0,0,0.9873455171799378
1,84460.0,80,9,1,1.0
0,43776.0,77,0,0,0.9543347595627133
1,71691.0,0,7,1,1.0
0,85844.0,62,6,2,0.9999999397884041
0,39190.0,91,1,0,0.9780442757900514
0,71367.0,24,5,2,0.9999866650162607
0,38578.0,2,0,0,0.9813278933871422
0,57236.0,22,1,0,0.9414189838039863
0,61825.0,56,2,0,0.8599379027269579
0,79803.0,54,3,2,0.786793053343171
0,80910.0,71,3,2,0.7979577874891337
0,27590.0,38,0,0,0.986394626484978
0,56775.0,62,8,2,1.0
1,83829.0,78,7,1,1.0
0,54210.0,18,1,0,0.9566121237956269
0,38508.0,95,2,0,0.8682931036483478
0,53187.0,66,1,0,0.9547267375569749
0,30023.0,28,0,0,0.9861485801211953
0,76045.0,78,5,2,0.9999500476398044
0,50870.0,13,0,0,0.9256568248792582
0,15315.0,27,0,0,0.9815095197805382
0,65463.0,17,2,0,0.82451905535557
0,66480.0,71,1,0,0.7716295839469487
0,76773.0,79,2,0,0.5304252492573227
1,81698.0,1,2,1,1.0
0,54466.0,78,0,0,0.799371412458591
0,98777.0,23,6,2,0.9999999097199009
0,16269.0,75,0,0,0.9828497060366487
0,71819.0,70,3,2,0.6680146368975572
1,33569.0,10,1,1,1.0
1,36262.0,24,5,1,1.0
0,22634.0,47,1,0,0.9519181261661002
0,47025.0,98,1,0,0.970399955851823
0,70566.0,4,5,2,0.9999911479934752
0,31605.0,15,1,0,0.9719975638430361
0,52034.0,67,2,0,0.8984070829033428
0,48526.0,32,1,0,0.9700527972850485
0,46734.0,40,1,0,0.9723863972174441
1,39552.0,54,2,1,1.0
0,86358.0,78,3,2,0.8825076550146891
0,46931.0,94,1,0,0.9706409736449217
0,16581.0,51,0,0,0.9829207638523852
1,63998.0,42,6,1,1.0
0,67381.0,67,2,0,0.7963353282864867
0,25930.0,87,0,0,0.9853818079749981
0,42693.0,29,0,0,0.969067819184604
0,85606.0,89,7,2,0.9999999999903092
1,72903.0,74,5,1,1.0
0,49669.0,97,1,0,0.964416396254716
0,36778.0,63,0,0,0.9780476636422568
1,85696.0,88,6,1,1.0
0,10979.0,34,0,0,0.9744050924666208
0,49678.0,81,2,0,0.903199827814965
0,56129.0,65,2,0,0.8907864098866153
0,37155.0,51,0,0,0.9785658736852143
0,21282.0,76,1,0,0.9521330545219274
0,33419.0,76,0,0,0.9814746955770836
0,63285.0,84,5,2,0.9999892673871523
0,21255.0,56,1,0,0.9472529748707362
1,42162.0,31,1,1,1.0
0,54450.0,0,2,0,0.879362959599336
0,57744.0,91,1,0,0.9219493957470513
1,26576.0,40,0,1,1.0
0,57513.0,59,3,2,0.6789478057709645
0,68142.0,96,4,2,0.9873406412543521
0,7500.0,61,0,0,0.9661301511889627
1,83145.0,14,9,1,1.0
0,54197.0,16,3,2,0.7820080762278389
0,23091.0,98,1,0,0.9632440794966121
1,46049.0,11,2,1,1.0
0,56715.0,52,3,2,0.6985477200054125
0,79410.0,19,2,2,0.5329308925889932
0,57304.0,61,6,2,0.9999999998198992
0,44375.0,73,1,0,0.9744781655468406
0,54450.0,0,2,0,0.879362959599336
0,59594.0,74,1,0,0.9075446692592872
0,80685.0,55,4,2,0.9891899027392116
0,40344.0,48,1,0,0.9770415789435731
0,62710.0,53,2,0,0.8524266970828158
0,48985.0,13,1,0,0.9703918094647562
0,35322.0,34,0,0,0.9823421769070342
0,77142.0,54,4,2,0.9891042329660451
0,81657.0,69,4,2,0.9882005476547878
0,14421.0,81,0,0,0.981208166676752
0,20130.0,99,0,0,0.9850473889503428
0,74214.0,3,2,0,0.6622422643865702
0,66726.0,61,2,0,0.8066357055842994
0,23724.0,65,0,0,0.9859288646959352
0,47353.0,93,2,0,0.9056408386155879
0,33444.0,24,0,0,0.9846125837410501
0,54386.0,8,2,0,0.8811041066848241
0,28510.0,72,0,0,0.9850247884662076
0,90638.0,29,4,2,0.9940179157673042
0,48070.0,33,2,0,0.8823907613999066
0,43140.0,68,1,0,0.9756373885808529
1,54959.0,55,5,1,1.0
0,15056.0,76,2,2,0.8454722031326501
0,26954.0,17,0,0,0.987153773814722
0,22327.0,94,0,0,0.9854719724603359
0,44393.0,86,0,0,0.9484132225996398
0,62000.0,25,6,2,0.9999999997129705
0,31497.0,22,1,0,0.9722225862056728
0,45894.0,15,0,0,0.9600211428175952
1,78579.0,35,6,1,1.0
1,67369.0,81,4,1,1.0
0,58401.0,55,2,0,0.880255760006944
0,62307.0,94,0,2,0.6069695497568409
0,43641.0,50,1,0,0.9753599532216518
0,63841.0,64,3,2,0.6368959066693579
0,46891.0,91,1,0,0.9707667758485589
0,70091.0,11,2,0,0.756610072414546
0,78075.0,72,5,2,0.9999456736775901
0,59184.0,6,6,2,0.9999999999161221
0,54809.0,0,1,0,0.9570133831918654
0,58113.0,66,2,0,0.8836828430172683
0,51412.0,42,2,0,0.8906561700260851
1,15287.0,60,1,1,1.0
0,66636.0,64,4,2,0.9918801196548476
0,50965.0,87,4,2,0.9981588577464301
0,84618.0,96,9,2,1.0
0,18351.0,1,0,0,0.9846070005925688
0,40451.0,54,1,0,0.9770546277436153
0,36317.0,53,0,0,0.9796243806548658
0,42213.0,96,1,0,0.9765017964950552
0,65748.0,58,4,2,0.9928725025257257
0,77044.0,12,11,2,1.0
0,74918.0,78,9,2,1.0
0,56721.0,64,1,0,0.9359523414855568
1,42160.0,26,1,1,1.0
0,61559.0,8,2,0,0.857735931892342
0,33629.0,49,1,0,0.9756701431945768
0,68682.0,56,9,2,1.0
0,34377.0,55,2,0,0.7748655658377694
0,8940.0,25,1,0,0.7123599747481721
0,26228.0,50,0,0,0.9862171124759151
0,77297.0,84,7,2,0.9999999999986036
0,40211.0,30,1,0,0.9769919641231599
0,33438.0,81,1,0,0.9771063884084034
0,75032.0,74,4,2,0.9872837655318294
0,61284.0,76,2,0,0.8668232262730288
1,22518.0,36,1,1,1.0
0,54730.0,64,1,0,0.9478863522437174
0,38452.0,62,0,0,0.9750860983879955
0,44421.0,53,0,0,0.9570760160940943
0,38197.0,86,0,0,0.9729306390667437
0,41986.0,15,0,0,0.9734148810197587
0,28427.0,67,0,0,0.9852198862841934
0,37395.0,47,0,0,0.978571974137703
0,64722.0,47,2,0,0.8323414818600087
0,55249.0,81,1,0,0.9425483371603791
0,84906.0,98,6,2,0.9999998959413401
0,28691.0,56,0,0,0.9855037771462494
0,44213.0,48,1,0,0.9749165026527846
0,25707.0,18,0,0,0.9871252165471124
0,59062.0,74,0,0,0.6208591332078681
0,76624.0,68,10,2,1.0
0,66000.0,36,3,2,0.6730471410104013
0,27683.0,90,2,0,0.6708571221653603
0,1730.0,65,0,0,0.9342867716866189
0,7500.0,63,2,2,0.9761914288481524
0,40521.0,82,1,0,0.9773563321131338
0,20427.0,63,0,0,0.9852397380031567
0,65106.0,55,3,2,0.6489410435282277
1,69969.0,64,2,1,1.0
0,67433.0,51,5,2,0.9999882409715374
1,77766.0,97,10,1,1.0
0,74716.0,92,3,2,0.6843524772274308
0,68118.0,51,9,2,1.0
1,55158.0,72,2,1,1.0
1,62972.0,39,4,1,1.0
0,74190.0,49,2,0,0.6389592695220535
0,39356.0,21,0,0,0.978090566492219
0,76653.0,91,7,2,0.9999999999985718
0,35860.0,37,1,0,0.9764958895300005
1,90687.0,98,2,1,1.0
0,73450.0,85,8,2,1.0
0,31454.0,40,0,0,0.984961638095394
1,47139.0,2,1,1,1.0
1,83829.0,78,7,1,1.0
1,53378.0,41,4,1,1.0
0,19656.0,94,1,0,0.9489025171696188
0,45579.0,10,1,0,0.9746885814272269
0,85485.0,73,6,2,0.9999999296256017
0,55956.0,22,3,2,0.7523343771468203
0,64191.0,30,3,2,0.6816585556966358
1,38808.0,21,1,1,1.0
0,57183.0,51,1,0,0.9354245402341067
0,23748.0,97,1,0,0.9649195486464271
0,66303.0,56,4,2,0.9927382467626855
0,37368.0,4,0,0,0.9826045714706771
0,40800.0,77,0,0,0.9668699218894249
0,71847.0,95,7,2,0.9999999999995471
0,46149.0,36,1,0,0.9732425732966864
1,78687.0,13,6,1,1.0
1,49118.0,90,7,1,1.0
0,37633.0,49,0,0,0.9779904533085545
0,39767.0,18,1,0,0.9770140788160551
0,26997.0,89,2,0,0.6470326070921792
0,33986.0,43,0,0,0.9829950227593212
1,57091.0,82,2,1,1.0
0,46831.0,84,2,0,0.9009446697194249
1,83151.0,80,7,1,1.0
0,52531.0,68,2,0,0.8983690537912159
0,15759.0,12,0,0,0.9820045409010093
0,22804.0,75,0,0,0.9857022730188773
0,43050.0,10,0,0,0.9714429808501397
0,42997.0,91,0,0,0.9550552989498561
0,48918.0,21,0,0,0.9394344700212879
0,60033.0,28,1,0,0.9182797372881601
0,34043.0,97,0,0,0.9794342438153614
0,57811.0,49,2,0,0.8815901290611192
1,78569.0,14,6,1,1.0
0,7500.0,5,1,0,0.6179946737518701
0,157733.0,37,0,2,1.0
1,94384.0,62,8,1,1.0
0,23148.0,83,0,0,0.9856378896199209
0,44267.0,48,2,0,0.8747338521577094
0,71626.0,94,5,2,0.9999591967147563
0,60894.0,61,3,2,0.6504835205614469
0,50200.0,70,1,0,0.9643393660250013
0,81051.0,43,5,2,0.9999545690200404
1,65169.0,23,4,1,1.0
0,59868.0,37,2,0,0.8701857225184292
0,65695.0,50,4,2,0.9935066551400807
0,64857.0,78,5,2,0.999987526698477
0,45143.0,74,1,0,0.9736012172637829
0,74805.0,14,7,2,0.9999999999998775
0,59060.0,77,1,0,0.9125124710110273
0,27238.0,39,0,0,0.9864175998058481
0,47009.0,89,2,0,0.903418255856556
0,46094.0,62,0,0,0.9446407893560012
0,40321.0,59,0,0,0.9710451511682018
0,37235.0,68,1,0,0.9776860297591112
0,81843.0,13,9,2,1.0
0,46692.0,37,1,0,0.9725466250929454
0,77382.0,36,7,2,0.9999999999995774
1,37774.0,28,2,1,1.0
0,18393.0,2,0,0,0.9846284116267455
0,72828.0,17,3,2,0.7216731249636764
0,24711.0,86,0,0,0.985574516052738
0,45503.0,54,1,0,0.9735118993092385
0,6560.0,2,0,0,0.957296596125745
1,71604.0,3,3,1,1.0
0,27244.0,84,2,0,0.6442735767448629
1,48752.0,8,1,1,1.0
0,71434.0,4,4,2,0.9940797497613418
0,90842.0,57,9,2,1.0
1,88097.0,24,5,1,1.0
0,51948.0,51,2,0,0.8934971233803644
0,71853.0,29,8,2,1.0
0,35876.0,13,1,0,0.9759298404048143
0,40049.0,23,0,0,0.9765658573063077
1,39660.0,36,1,1,1.0
0,50127.0,88,1,0,0.9635516608483097
0,43263.0,2,2,0,0.8414208918240136
1,62845.0,3,4,1,1.0
0,18929.0,15,0,0,0.9848740746058683
0,24367.0,58,0,0,0.9860886283681728
0,33249.0,11,1,0,0.9737863119745863
0,26887.0,27,0,0,0.9868355645942987
0,50150.0,32,2,0,0.8862907497753538
0,62061.0,12,4,2,0.996984884723292
1,85696.0,88,6,1,1.0
0,76542.0,91,8,2,1.0
1,70515.0,12,6,1,1.0
0,18227.0,21,1,0,0.9136151969677947
0,69139.0,23,1,0,0.7371988105073445
1,69109.0,10,6,1,1.0
0,69627.0,35,2,0,0.7597458117887596
0,38136.0,69,1,0,0.9777128957002161
0,62159.0,68,2,0,0.8587565113929665
0,80695.0,85,8,2,1.0
0,33316.0,34,1,0,0.9747711856161521
0,58554.0,55,2,0,0.8795635930181498
0,17256.0,10,1,0,0.8976164658778191
0,53034.0,30,1,0,0.9592587923604818
0,52203.0,36,7,2,1.0
0,59601.0,14,2,0,0.8687294504343528
1,75154.0,79,3,1,1.0
0,47025.0,52,3,2,0.8348712932623981
0,37971.0,97,0,0,0.9722434087755798
0,41335.0,24,1,0,0.9767677285923265
0,67267.0,0,2,0,0.8043911303098771
0,57338.0,96,1,0,0.9245309297914767
0,50523.0,89,0,0,0.8802031736387371
0,35791.0,94,0,0,0.9770037532693572
0,50611.0,98,5,2,0.9999989410381367
0,56242.0,72,4,2,0.9968080859774067
0,48904.0,1,2,0,0.8725800876831658
0,56243.0,26,2,0,0.8820158827156661
1,21355.0,5,1,1,1.0
0,57420.0,22,1,0,0.9402925836621626
0,46390.0,56,2,0,0.887359314094203
0,54342.0,74,1,0,0.9485224401147975
0,20895.0,24,0,0,0.9858577316137134
0,92344.0,9,10,2,1.0
0,26907.0,10,0,0,0.9873865744890341
0,44964.0,35,0,0,0.9590689080983903
0,75507.0,56,6,2,0.9999999882998911
0,53761.0,7,4,2,0.9990755311133379
0,22682.0,51,1,0,0.9529311398391902
0,38887.0,17,0,0,0.9793142391355328
0,41658.0,30,1,0,0.9766320661047864
0,29791.0,21,0,0,0.9865223476921202
0,63915.0,2,3,2,0.7149900226063373
0,39996.0,85,0,0,0.9682106583452099
0,26759.0,65,1,0,0.9677147967881058
0,63841.0,64,3,2,0.6368959066693579
0,51039.0,11,2,0,0.8807417088761695
0,60544.0,92,1,0,0.8890414124541877
0,65685.0,54,2,0,0.8209940908443517
0,37716.0,4,1,0,0.9766364560212755
1,36864.0,53,2,1,1.0
0,44511.0,39,4,2,0.9997353771902888
0,36947.0,49,0,0,0.9790701684164006
0,47352.0,70,1,0,0.9704776484551825
0,67087.0,40,5,2,0.9999906755293771
0,57045.0,40,2,0,0.8825558864498136
1,36957.0,43,2,1,1.0
0,69389.0,17,2,0,0.7681143224010413
1,80134.0,40,3,1,1.0
0,43142.0,84,0,0,0.9559262653579902
1,80589.0,25,10,1,1.0
0,34412.0,62,0,0,0.9813067601108184
0,57537.0,83,3,2,0.6367998762323244
0,22634.0,47,1,0,0.9519181261661002
0,51315.0,45,2,0,0.8915687519407476
0,36026.0,34,0,0,0.9815753280590873
0,24639.0,3,0,0,0.9874350264920537
0,34578.0,1,0,0,0.9852968258953441
0,65704.0,18,10,2,1.0
0,63810.0,45,3,2,0.663221221574554
0,54132.0,81,0,0,0.8053965751379089
0,18690.0,77,1,0,0.9380819441142043
0,28164.0,23,0,0,0.9868178726578174
0,34596.0,48,0,0,0.9820767369445825
0,43269.0,61,0,0,0.9605133678587953
0,38741.0,60,0,0,0.9747101137195407
0,31907.0,75,1,0,0.9757534831503035
0,27100.0,64,0,0,0.9856944602625228
0,31163.0,54,0,0,0.984451880893881
0,92533.0,84,5,2,0.9998987994410694
0,34853.0,75,0,0,0.9798645843428232
0,70844.0,16,1,0,0.6815492731022589
0,31086.0,79,1,0,0.9753062461346333
0,60544.0,92,1,0,0.8890414124541877
0,20491.0,16,1,0,0.9319159133854154
0,42523.0,96,1,0,0.9762503260155003
0,39922.0,30,0,0,0.9759283297891735
0,33402.0,60,1,0,0.976025778228054
0,36408.0,11,0,0,0.9830286604917219
1,21645.0,75,0,1,1.0
1,78427.0,36,7,1,1.0
0,82657.0,71,5,2,0.9999279802470828
0,51876.0,88,2,0,0.9051505463205923
0,78041.0,93,4,2,0.9847723929859812
0,52852.0,93,7,2,0.9999999999999992
0,70038.0,54,4,2,0.9910725603732243
0,69401.0,41,4,2,0.9924337746675241
0,46053.0,46,2,0,0.8815554419064942
0,77343.0,28,4,2,0.9911995244197472
1,73892.0,40,11,1,1.0
0,40304.0,82,0,0,0.9676940850759103
0,32727.0,38,3,2,0.9822231644870408
0,68695.0,3,4,2,0.9950440365856451
1,43300.0,87,0,1,1.0
0,26290.0,49,0,0,0.9862381407488304
1,93790.0,16,7,1,1.0
1,38410.0,65,2,1,1.0
0,64866.0,9,3,2,0.7045516798292476
0,57957.0,24,6,2,0.9999999999106521
0,46015.0,25,0,0,0.9566532485658541
0,16531.0,43,0,0,0.9828445981568128
0,28072.0,10,0,0,0.9873060109835845
0,49476.0,29,11,2,1.0
0,50725.0,45,1,0,0.964629856314307
0,83844.0,57,4,2,0.9898718646453659
0,41145.0,20,0,0,0.974655860520616
0,67419.0,29,4,2,0.9941103575895621
0,23162.0,82,1,0,0.9606174830214707
0,34380.0,68,1,0,0.9769438013636734
0,34704.0,65,0,0,0.9807640886802552
1,94871.0,99,5,1,1.0
0,65148.0,9,6,2,0.9999999995416624
0,39898.0,20,0,0,0.9772318439538894
0,64857.0,78,5,2,0.999987526698477
0,59892.0,26,1,0,0.920288119201355
0,41020.0,68,2,0,0.8673636233286535
0,57072.0,79,5,2,0.9999969267849226
0,60474.0,25,2,0,0.8654472214580534
0,62807.0,83,3,2,0.609333812238023
0,19414.0,32,0,0,0.9850065729205109
0,19107.0,49,0,0,0.9847103048264078
0,75484.0,50,3,2,0.7270392756853311
0,70379.0,84,3,2,0.6389288232653444
0,79419.0,96,6,2,0.9999999507817144
0,64014.0,56,2,0,0.8403322523933753
0,76998.0,85,8,2,1.0
0,49854.0,63,2,0,0.8968248784934644
1,60585.0,17,4,1,1.0
0,42873.0,11,1,0,0.9763856365177767
1,87679.0,62,11,1,1.0
0,57867.0,48,2,0,0.8811819198362547
0,35765.0,86,0,0,0.9776968483435244
0,65492.0,73,7,2,0.9999999999999629
0,32952.0,36,0,0,0.9842431738530565
1,53374.0,34,2,1,1.0
0,71706.0,16,5,2,0.9999876363270483
0,68487.0,48,7,2,0.9999999999999525
0,53253.0,61,3,2,0.7262419001830229
0,31163.0,54,0,0,0.984451880893881
1,42014.0,56,1,1,1.0
0,54108.0,74,2,0,0.8979713715508154
1,49667.0,35,10,1,1.0
0,63206.0,65,3,2,0.6363053171776785
0,57136.0,48,2,0,0.883847892749674
0,46772.0,88,8,2,1.0
0,78931.0,19,8,2,1.0
0,53977.0,21,5,2,0.9999994907586551
0,84219.0,27,4,2,0.9918260473406105
0,46098.0,86,2,0,0.9002460759280178
0,73538.0,92,4,2,0.9852974716104148
0,79529.0,1,8,2,1.0
1,20981.0,14,1,1,1.0
0,51766.0,74,2,0,0.90075573680073
0,55759.0,84,3,2,0.6527588676886118
0,33039.0,4,0,0,0.986039189442562
0,37787.0,50,0,0,0.977629990699755
1,27242.0,2,0,1,1.0
1,87188.0,73,2,1,1.0
0,69930.0,21,5,2,0.9999895181499929
0,37697.0,82,1,0,0.9780853206110546
0,37401.0,14,0,0,0.9816681131816186
0,3502.0,56,0,0,0.9459452472683664
0,58597.0,20,4,2,0.9977994200101398
0,82032.0,54,6,2,0.9999999679995478
0,28087.0,77,2,0,0.6565364211385097
1,74004.0,5,6,1,1.0
0,19740.0,65,1,0,0.9410670067048956
0,57036.0,33,3,2,0.7245225281053106
0,53083.0,65,1,0,0.9552538205273976
0,69283.0,41,3,2,0.6772424266106
1,46098.0,86,2,1,1.0
0,23331.0,92,0,0,0.985544402772866
0,23331.0,97,1,0,0.9637656310390142
0,9255.0,91,1,0,0.8132617771733194
1,67786.0,0,6,1,1.0
0,71969.0,59,4,2,0.9898011614306971
0,59235.0,4,2,0,0.8692617172792824
0,31928.0,5,0,0,0.9865107056038691
0,74881.0,48,2,0,0.6168252147986851
0,65819.0,99,4,2,0.9885571486286421
0,51411.0,81,0,0,0.8703211411638856
0,51983.0,95,2,0,0.9072867333438682
0,42386.0,43,0,0,0.9674872407338682
0,30390.0,5,0,0,0.9870514137768248
1,30983.0,50,0,1,1.0
0,66033.0,76,3,2,0.6221183194260148
0,37284.0,46,0,0,0.9788407724044939
0,57530.0,68,1,0,0.929048240549111
0,76800.0,33,4,2,0.9908924750834219
0,63943.0,50,4,2,0.9943828627114679
0,76081.0,85,5,2,0.9999444331039523
0,67445.0,63,6,2,0.9999999973804721
0,37054.0,89,0,0,0.9751022470175528
1,47175.0,81,2,1,1.0
0,31859.0,77,0,0,0.9828596002019463
0,27215.0,50,1,0,0.9670290974349404
0,70179.0,10,3,2,0.7101160588682196
0,39922.0,30,0,0,0.9759283297891735
0,49681.0,66,1,0,0.9658798936213165
0,24645.0,16,0,0,0.9870848787615348
0,79865.0,12,10,2,1.0
0,44322.0,30,0,0,0.9630755117097436
0,47958.0,8,3,2,0.873926930117672
0,63972.0,93,4,2,0.9906574995195856
0,75315.0,14,4,2,0.9924550533059326
1,55517.0,53,1,1,1.0
0,75283.0,26,3,2,0.739532875221288
1,82800.0,23,6,1,1.0
0,38998.0,92,0,0,0.9701697314657244
1,90638.0,29,4,1,1.0
0,27161.0,41,0,0,0.9863659509775045
1,42014.0,56,1,1,1.0
0,38201.0,19,1,0,0.9768884910572007
1,45203.0,4,1,1,1.0
0,81574.0,89,5,2,0.9999134384379239
0,34935.0,71,1,0,0.9773004103928234
0,60482.0,81,2,0,0.873389372254423
0,34633.0,31,0,0,0.983220569202748
0,78093.0,53,7,2,0.9999999999992268
0,82460.0,78,3,2,0.8214198872509416
0,45903.0,80,1,0,0.9725191371290378
1,81361.0,18,10,1,1.0
1,35860.0,37,1,1,1.0
1,40442.0,52,1,1,1.0
0,61482.0,39,2,0,0.86057629681016
0,34968.0,11,2,0,0.7295497719458113
0,75794.0,33,5,2,0.9999745460230043
0,31497.0,22,1,0,0.9722225862056728
0,74268.0,83,3,2,0.6857189379325819
0,13724.0,43,0,0,0.9796012634735312
0,45143.0,74,1,0,0.9736012172637829
0,52569.0,54,0,0,0.8717291245346446
1,48432.0,3,1,1,1.0
0,17144.0,96,0,0,0.9837168465324846
0,36108.0,68,1,0,0.9775278944157564
0,76445.0,2,5,2,0.9999823057463535
0,36663.0,40,1,0,0.9768612658752378
0,53843.0,64,5,2,0.99999886341759
0,90226.0,26,7,2,0.9999999999945957
0,70638.0,69,5,2,0.9999756275251105
0,44512.0,57,0,0,0.9555896512316396
0,27116.0,78,0,0,0.9853096888981767
0,54072.0,71,0,0,0.8194565366197845
0,71855.0,59,5,2,0.9999758112097772
0,51250.0,28,5,2,0.9999997018425524
0,60432.0,61,2,0,0.8703628734446094
0,65526.0,22,4,2,0.9952856462166773
0,68655.0,95,5,2,0.9999711426630427
0,12393.0,38,0,0,0.9773672889230697
1,64509.0,19,3,1,1.0
0,33955.0,92,1,0,0.9779074243049245
1,31353.0,24,1,1,1.0
0,55434.0,21,3,2,0.7598912072369053
0,28359.0,35,0,0,0.9863461765749274
0,57100.0,9,2,0,0.8769175295125139
0,69139.0,23,1,0,0.7371988105073445
0,52973.0,92,6,2,0.9999999998931492
0,51717.0,55,0,0,0.8860690982900249
0,18793.0,14,0,0,0.9847905399800666
0,66664.0,78,7,2,0.999999999999938
0,50664.0,64,1,0,0.963455495644364
0,54414.0,49,1,0,0.9514935772024173
0,54549.0,8,1,0,0.9567761154668666
0,47111.0,35,2,0,0.8803120167295629
0,41003.0,11,2,0,0.8259116167141951
1,19444.0,8,1,1,1.0
0,36301.0,53,0,0,0.9796466690914685
0,73059.0,36,3,2,0.7098387983902159
0,42731.0,64,1,0,0.9759500668240052
0,52854.0,43,1,0,0.9584400854716817
0,22775.0,40,0,0,0.9862194697615085
0,46681.0,52,6,2,0.9999999999954512
0,59821.0,11,2,0,0.867400344645075
0,50002.0,21,2,0,0.8823118416696617
0,69755.0,23,6,2,0.9999999981390941
0,44078.0,17,0,0,0.9668549435856462
0,30560.0,6,0,0,0.9869559157935922
0,35924.0,56,0,0,0.9799110024681571
1,64140.0,71,5,1,1.0
0,56386.0,51,1,0,0.9406747717471641
0,24594.0,94,0,0,0.9854624364243713
0,75774.0,27,5,2,0.9999766645384015
0,39228.0,1,0,0,0.9805349515456856
0,58494.0,56,2,0,0.880022412551752
0,58684.0,71,3,2,0.6484948158130471
1,57136.0,18,5,1,1.0
0,56551.0,48,1,0,0.9402259017467527
0,22448.0,86,1,0,0.9589411550843614
1,82014.0,48,6,1,1.0
1,34213.0,2,1,1,1.0
0,157146.0,13,28,2,1.0
0,25358.0,57,0,0,0.9861042470832648
0,35544.0,77,0,0,0.9787571858249013
0,36634.0,0,2,0,0.7507560221230324
0,62670.0,57,3,2,0.6492826699862256
0,50334.0,24,4,2,0.9993457649858456
1,72066.0,55,6,1,1.0
0,50729.0,62,2,0,0.8969488113429541
0,34916.0,89,1,0,0.9780720671721844
0,64892.0,77,4,2,0.9917021020094892
0,43602.0,45,1,0,0.9754466178205636
0,33996.0,46,1,0,0.9757918330396925
0,41473.0,80,0,0,0.9639949761818429
0,63246.0,60,3,2,0.6435209538467654
0,36732.0,71,1,0,0.9777296805946833
0,69084.0,43,3,2,0.6741619069136341
1,77766.0,97,10,1,1.0
1,37929.0,49,2,1,1.0
0,86610.0,66,6,2,0.9999999295604616
1,80141.0,20,4,1,1.0
0,72635.0,54,8,2,1.0
0,69016.0,61,9,2,1.0
0,20193.0,18,1,0,0.9302267368402652
0,27573.0,45,1,0,0.967281184974526
0,15862.0,26,0,0,0.9821297508606487
0,49544.0,0,1,0,0.9703519074381357
0,33228.0,28,0,0,0.9845208829528164
0,70440.0,49,10,2,1.0
0,38232.0,84,1,0,0.9780837976711213
0,22554.0,38,0,0,0.9862023597576993
0,23536.0,53,0,0,0.9861185287251772
0,49413.0,88,2,0,0.9056328449141868
0,42231.0,99,0,0,0.9571182450882532
1,78789.0,12,6,1,1.0
1,56534.0,35,4,1,1.0
0,58350.0,5,3,2,0.7493759034726821
0,81217.0,77,7,2,0.9999999999970794
0,49090.0,45,2,0,0.8893015159474059
0,61787.0,71,4,2,0.9940891882206339
0,18169.0,40,0,0,0.9841615811771088
0,24336.0,82,0,0,0.985662510667743
0,18222.0,70,0,0,0.9841761474949716
0,62335.0,87,3,2,0.6036463802080176
0,42033.0,95,0,0,0.9588556576371283
0,86580.0,72,2,2,0.8483128420474543
0,41437.0,5,0,0,0.9761701125788083
0,73705.0,86,6,2,0.999999984389437
0,61064.0,80,4,2,0.993839940396792
0,38452.0,62,0,0,0.9750860983879955
0,18358.0,49,0,0,0.9842609529493853
0,55012.0,85,2,0,0.8989564215001395
1,9722.0,7,1,1,1.0
0,38175.0,6,1,0,0.9767873957762395
0,58656.0,25,8,2,1.0
0,52117.0,55,2,0,0.8946752367351328
0,64813.0,81,2,0,0.8331991831633845
0,54222.0,98,3,2,0.6435297040002572
1,83512.0,31,7,1,1.0
1,77520.0,30,7,1,1.0
0,41154.0,98,0,0,0.9620468548696948
0,80398.0,92,8,2,1.0
0,18746.0,41,0,0,0.9845388079959148
0,35196.0,68,1,0,0.9772723693951972
0,60230.0,78,3,2,0.6263733105846613
0,22108.0,46,0,0,0.9859582360114368
0,44392.0,71,1,0,0.9744767181048957
1,55424.0,6,5,1,1.0
0,17688.0,82,0,0,0.9839146992845846
1,92491.0,71,5,1,1.0
1,90273.0,32,6,1,1.0
0,82571.0,28,5,2,0.9999586823127768
1,38513.0,20,1,1,1.0
1,16653.0,10,1,1,1.0
1,42586.0,7,1,1,1.0
0,23529.0,67,1,0,0.9591876975679745
0,74881.0,48,2,0,0.6168252147986851
0,71107.0,61,6,2,0.9999999944484692
0,46910.0,36,0,0,0.948046030207903
0,18690.0,77,1,0,0.9380819441142043
0,37244.0,90,1,0,0.9783614790573041
0,82427.0,35,5,2,0.9999552657828976
0,75342.0,38,2,0,0.6066550079870054
0,70044.0,46,10,2,1.0
0,79146.0,33,1,2,0.7680698427244218
0,77437.0,70,5,2,0.999949847013031
0,54984.0,51,1,0,0.9484898444707901
0,42403.0,18,0,0,0.9718418979325834
0,55761.0,97,1,0,0.9367912849661328
0,37292.0,32,3,2,0.9618670421042698
1,45576.0,9,1,1,1.0
1,70321.0,6,5,1,1.0
0,58086.0,80,3,2,0.6375326774534134
0,81795.0,74,11,2,1.0
0,28389.0,49,0,0,0.9858425930779743
0,66835.0,21,4,2,0.9948131079009338
0,69901.0,95,3,2,0.6213837431816203
0,80360.0,56,4,2,0.9890546866510018
1,63342.0,48,3,1,1.0
0,44989.0,26,1,0,0.9747019469617911
0,31859.0,3,0,0,0.9866427738351546
1,51569.0,39,1,1,1.0
0,30372.0,33,0,0,0.9857998142888894
0,16014.0,42,1,0,0.8979285777710374
0,41120.0,80,1,0,0.9770329324239477
1,39763.0,9,1,1,1.0
0,38725.0,52,0,0,0.9756739149931445
0,77981.0,78,4,2,0.9866207202480974
0,62905.0,68,2,0,0.8522285946105664
0,13533.0,45,0,0,0.9793606067656001
0,59481.0,47,3,2,0.6811056467951989
0,72117.0,34,7,2,0.9999999999999039
0,21955.0,81,1,0,0.9560850096449994
0,67131.0,72,2,0,0.8002876871683015
0,36802.0,23,0,0,0.9815884600901666
0,71853.0,29,8,2,1.0
0,28249.0,80,0,0,0.9848738444720958
0,47808.0,30,2,0,0.8804170245157136
1,25509.0,15,0,1,1.0
0,51012.0,86,1,0,0.9609816979843331
0,70596.0,68,5,2,0.999976136754015
0,85431.0,54,7,2,0.9999999999959004
0,42664.0,44,0,0,0.9663586338519469
1,42586.0,7,1,1,1.0
0,29760.0,87,1,0,0.9745655250709435
0,28973.0,59,1,0,0.971175769467725
0,39435.0,16,1,0,0.9770097438222779
0,65370.0,1,3,2,0.7119881208978132
0,20194.0,64,0,0,0.9851445591949259
0,42473.0,72,1,0,0.9761379111977938
0,64590.0,98,4,2,0.9896085072233564
0,71232.0,91,2,0,0.7129253977016781
1,34600.0,8,2,1,1.0
0,46904.0,20,1,0,0.972945683911742
0,49094.0,6,3,2,0.8614538945891662
0,36075.0,54,0,0,0.9798725100215302
0,60839.0,72,2,0,0.8693986632227342
0,77298.0,46,6,2,0.9999999868615803
0,34026.0,11,1,0,0.9745363594906347
0,48918.0,21,0,0,0.9394344700212879
0,82122.0,89,9,2,1.0
0,37697.0,82,1,0,0.9780853206110546
0,34074.0,69,3,2,0.9658781739249528
0,28520.0,55,1,0,0.9700750019134998
0,62535.0,13,2,0,0.8513376745635355
0,36273.0,80,0,0,0.977362981352495
0,63404.0,97,3,2,0.5863515136094836
0,75774.0,27,5,2,0.9999766645384015
0,78416.0,99,7,2,0.9999999999973186
0,75702.0,87,5,2,0.999944648477917
0,59385.0,85,1,0,0.9064801066120778
1,37070.0,30,1,1,1.0
0,44689.0,82,1,0,0.974065179660032
0,53977.0,21,5,2,0.9999994907586551
0,7144.0,92,1,0,0.7517182171765763
0,18701.0,95,0,0,0.9845216757549875
1,90369.0,2,6,1,1.0
0,63159.0,74,5,2,0.999991198632631
0,37758.0,49,0,0,0.9777811531093814
0,46757.0,71,4,2,0.9993101257435628
0,79734.0,72,3,2,0.7780817094410966
0,63207.0,68,3,2,0.631858447433983
0,72071.0,4,4,2,0.9938843865018694
0,21840.0,80,0,0,0.9855080360735261
0,58582.0,15,2,0,0.8731064566501893
1,72282.0,70,7,1,1.0
0,50387.0,91,2,0,0.9068657606378394
0,32583.0,10,0,0,0.985937611225746
0,62568.0,99,3,2,0.5833037762443606
0,44635.0,25,0,0,0.9629649147376261
0,33316.0,34,1,0,0.9747711856161521
0,63967.0,57,4,2,0.9938968492605178
0,52513.0,84,5,2,0.9999987536164907
0,25293.0,51,1,0,0.9622696321819304
0,54111.0,97,2,0,0.9044580850701048
1,78394.0,13,6,1,1.0
0,80739.0,92,11,2,1.0
1,22669.0,30,1,1,1.0
0,29236.0,30,0,0,0.986312954976857
0,44911.0,11,1,0,0.9751937674367447
0,54693.0,72,4,2,0.9974115298660914
0,48186.0,39,1,0,0.9702709114185554
1,54809.0,0,1,1,1.0
0,41580.0,15,1,0,0.9767727099997034
0,80336.0,12,9,2,1.0
0,47743.0,56,1,0,0.970286945031954
0,62972.0,39,4,2,0.9954782559712481
1,57333.0,55,5,1,1.0
0,32313.0,60,0,0,0.983375601560995
1,84953.0,73,10,1,1.0
0,27071.0,90,0,0,0.9850200682736188
0,68148.0,86,4,2,0.9886572168011575
0,65735.0,37,2,0,0.8205189739681089
1,86836.0,7,10,1,1.0
0,4023.0,29,0,0,0.9451287016640125
0,30093.0,19,0,0,0.9865163602695624
0,57705.0,14,1,0,0.940371654042904
0,25008.0,72,0,0,0.9858034411237017
1,83257.0,56,10,1,1.0
0,22280.0,85,0,0,0.9855360385823131
0,72159.0,62,6,2,0.9999999929835173
1,64260.0,1,5,1,1.0
1,82733.0,28,4,1,1.0
0,74290.0,70,8,2,1.0
0,58217.0,84,0,0,0.6415427689601052
0,21024.0,89,0,0,0.9852867404392459
0,70116.0,73,8,2,1.0
0,54006.0,42,1,0,0.9541916933620755
0,69063.0,16,3,2,0.7003398754369993
0,11448.0,16,0,0,0.9749338041299401
0,61825.0,56,2,0,0.8599379027269579
0,70886.0,65,4,2,0.9896290627591293
1,69109.0,10,6,1,1.0
1,60208.0,13,3,1,1.0
0,32889.0,78,1,0,0.9766306554291304
0,34738.0,51,0,0,0.9817174627067214
0,30538.0,27,0,0,0.9860033900331547
1,82326.0,30,10,1,1.0
0,26642.0,71,0,0,0.9856047336622978
0,69932.0,97,6,2,0.9999999905070684
0,44503.0,83,0,0,0.94857375111283
0,60200.0,3,2,0,0.8648956102832834
0,49638.0,71,0,0,0.9059458441512159
0,23830.0,3,0,0,0.9872721111414504
1,33051.0,15,1,1,1.0
0,72905.0,52,7,2,0.9999999999998073
0,69702.0,8,7,2,0.9999999999999765
0,70300.0,89,5,2,0.999967790564583
1,70643.0,66,8,1,1.0
1,30396.0,22,1,1,1.0
0,50616.0,56,0,0,0.902180492443834
0,62772.0,74,6,2,0.999999998909723
0,30298.0,48,1,0,0.9722446109673353
0,52413.0,67,1,0,0.9576270546667157
0,44155.0,24,1,0,0.9754037068070086
1,86979.0,67,5,1,1.0
0,76532.0,38,5,2,0.9999706178993458
0,42081.0,86,3,2,0.8648034710763775
0,67546.0,90,10,2,1.0
0,88420.0,87,7,2,0.9999999999844958
0,31158.0,62,0,0,0.9840807889588813
0,61671.0,23,4,2,0.9967168164916536
0,69719.0,99,3,2,0.6146876034105593
0,49160.0,29,1,0,0.9691048066211191
0,24882.0,52,1,0,0.9611792417539161
0,90933.0,90,6,2,0.9999998401976955
0,113734.0,9,0,2,0.9999999943175379
0,59292.0,71,5,2,0.9999958772299588
0,45759.0,13,0,0,0.9611622975878441
0,22148.0,16,0,0,0.9864905506444246
0,73395.0,94,4,2,0.985049046582918
0,29819.0,77,0,0,0.9842368906497981
0,45688.0,20,1,0,0.9742473975736589
0,62820.0,51,4,2,0.9948718378114763
0,60491.0,81,11,2,1.0
0,33235.0,71,0,0,0.9819582449137405
0,35701.0,36,0,0,0.9817839371346005
0,31535.0,95,1,0,0.9767641489448688
0,92556.0,32,5,2,0.9999417269891223
0,67384.0,32,8,2,1.0
0,80573.0,85,6,2,0.9999999531121031
1,77870.0,93,5,1,1.0
0,52278.0,24,5,2,0.9999996432390256
1,57107.0,44,4,1,1.0
0,18929.0,15,0,0,0.9848740746058683
0,36038.0,82,0,0,0.9775824006310557
0,20180.0,27,1,0,0.9327966961242706
0,34230.0,72,0,0,0.9808372031878482
0,31878.0,7,0,0,0.986428221291818
0,70932.0,57,2,0,0.7268646406924095
1,91249.0,84,9,1,1.0
0,77598.0,53,5,2,0.999960035205846
0,80982.0,48,5,2,0.9999517088315949
0,22701.0,2,0,0,0.9869778625933187
0,55212.0,65,2,0,0.893247555516691
0,70617.0,45,3,2,0.6816482062122069
1,64849.0,42,3,1,1.0
0,62694.0,29,3,2,0.6876140324871
0,61917.0,83,0,2,0.558278054865606
0,67472.0,93,2,0,0.7947943912742772
0,21059.0,40,0,0,0.985702247044787
0,29543.0,47,1,0,0.9710736947669257
0,75903.0,50,6,2,0.9999999888620279
0,34984.0,40,0,0,0.9822476651163595
1,54998.0,3,2,1,1.0
1,54356.0,62,2,1,1.0
0,34242.0,25,0,0,0.983956736177076
0,25410.0,48,0,0,0.9863164868803528
1,73356.0,56,11,1,1.0
0,28320.0,68,0,0,0.9852251536640283
0,23763.0,64,0,0,0.9859482101900996
0,72570.0,67,6,2,0.9999999915490663
0,34529.0,94,2,0,0.8245876474223666
0,70792.0,82,4,2,0.9877181250339253
1,63211.0,3,8,1,1.0
0,83891.0,24,7,2,0.9999999999985272
0,36065.0,54,0,0,0.9798860328719613
0,39898.0,20,0,0,0.9772318439538894
0,51141.0,96,1,0,0.9599321997777152
0,56939.0,19,3,2,0.7454495256628931
0,80872.0,60,4,2,0.9888017130843801
1,72335.0,2,4,1,1.0
0,61798.0,13,2,0,0.8564621586441205
0,76842.0,37,8,2,1.0
0,29478.0,59,0,0,0.9850921886157777
0,46998.0,55,3,2,0.8311182161641689
1,96843.0,60,11,1,1.0
0,56551.0,48,1,0,0.9402259017467527
0,70053.0,38,5,2,0.9999861281683026
1,71670.0,8,3,1,1.0
0,44359.0,19,0,0,0.9654090783990896
1,40887.0,32,1,1,1.0
0,48877.0,27,0,0,0.937127311966611
0,74485.0,58,7,2,0.9999999999996527
0,64474.0,59,2,0,0.8355846941479156
0,77226.0,29,8,2,1.0
1,72643.0,60,10,1,1.0
0,85738.0,41,6,2,0.9999999589805171
0,55686.0,27,3,2,0.7484317964855215
0,39062.0,28,0,0,0.9777983603391412
1,34600.0,8,2,1,1.0
0,40794.0,18,3,2,0.9430960547100091
0,54690.0,76,1,0,0.9464402270170845
0,4428.0,0,0,0,0.9439672009955957
0,32632.0,32,4,2,0.9999876999559291
0,38236.0,2,0,0,0.9817668425910946
1,36781.0,16,1,1,1.0
1,31385.0,56,0,1,1.0
0,24570.0,97,0,0,0.9854224229411468
1,25509.0,15,0,1,1.0
0,94642.0,35,7,2,0.999999999986495
0,58646.0,3,1,0,0.9370784583151277
0,53201.0,49,3,2,0.7468786388734348
0,21994.0,4,0,0,0.9866787582952885
0,57113.0,45,1,0,0.9371989534147497
0,51373.0,37,5,2,0.9999996322064345
0,23477.0,39,0,0,0.9863754482166818
0,58116.0,38,3,2,0.7062849516142667
1,72968.0,8,5,1,1.0
0,39791.0,89,1,0,0.9777904399308965
1,91712.0,47,7,1,1.0
0,94472.0,75,5,2,0.9999112572405714
0,13672.0,86,0,0,0.9804851144292607
1,96547.0,4,6,1,1.0
1,79205.0,73,5,1,1.0
0,56559.0,46,3,2,0.7098347533353169
0,32644.0,38,1,0,0.9743450457180068
0,67506.0,73,1,0,0.7350705972073538
0,24206.0,66,0,0,0.9859332291701767
0,28420.0,36,0,0,0.986296099577153
1,22979.0,29,2,1,1.0
0,33279.0,29,0,0,0.9844259507959277
0,46423.0,6,0,0,0.9600409009708851
0,30368.0,97,0,0,0.9831231475918483
0,63684.0,61,4,2,0.9937606161183135
0,41638.0,68,5,2,0.9999999522164471
0,68805.0,73,1,0,0.6847322804941373
0,65814.0,90,2,0,0.8207542761622939
0,71964.0,81,6,2,0.9999999899105805
0,39146.0,1,0,0,0.980652660339386
1,96876.0,79,7,1,1.0
0,34445.0,92,2,0,0.8211268453059088
1,68281.0,31,9,1,1.0
0,37284.0,46,0,0,0.9788407724044939
1,36790.0,14,1,1,1.0
0,27943.0,89,0,0,0.9847324726501607
0,22263.0,31,0,0,0.9862463057771681
0,30261.0,75,0,0,0.9840631799779553
0,28587.0,42,0,0,0.9860366549015646
0,43815.0,53,0,0,0.9599169223551105
0,48195.0,53,2,0,0.8907276053348072
0,77027.0,23,3,2,0.761527560833672
0,71322.0,57,5,2,0.9999780216570701
0,32765.0,49,0,0,0.9836356527696338
0,29672.0,6,0,0,0.987191229229072
0,23272.0,29,0,0,0.9865404591760528
1,49912.0,5,5,1,1.0
0,7500.0,98,1,0,0.77272879967626
1,68117.0,80,8,1,1.0
0,67225.0,4,2,0,0.8043221998807665
0,17649.0,70,0,0,0.9838216169255692
0,55914.0,32,6,2,0.9999999999414018
0,40059.0,82,2,0,0.8703492497141336
0,60905.0,27,3,2,0.6997469728228334
0,75330.0,94,3,2,0.6920653086756735
0,60689.0,23,4,2,0.9970575370259639
0,38680.0,97,0,0,0.9704180839720091
0,61416.0,25,3,2,0.6992493474645095
0,49767.0,92,4,2,0.9983649875985267
0,83273.0,98,6,2,0.9999999140925142
0,29009.0,19,0,0,0.9868062144010502
0,45057.0,80,0,0,0.9458948919445009
0,37150.0,80,3,2,0.9347274180711735
0,43020.0,79,1,0,0.9757339255790987
0,53154.0,50,1,0,0.9565916073404691
0,65308.0,60,8,2,1.0
1,76467.0,44,5,1,1.0
0,81044.0,0,6,2,0.9999999897509984
0,32871.0,28,0,0,0.9847581602794271
0,55801.0,35,2,0,0.8848664151170984
0,76320.0,49,3,2,0.738601862045999
0,36927.0,46,0,0,0.9793745688182856
0,48794.0,97,0,0,0.9018856297534714
0,23478.0,51,0,0,0.9861472810507673
0,71128.0,80,10,2,1.0
0,70179.0,10,3,2,0.7101160588682196
0,59462.0,29,2,0,0.871179194457429
0,38361.0,74,1,0,0.9778117001821043
0,70038.0,54,4,2,0.9910725603732243
0,42554.0,93,0,0,0.9568258076682329
0,67445.0,63,6,2,0.9999999973804721
0,67046.0,92,5,2,0.9999779705509007
0,42192.0,40,1,0,0.9763517124520361
0,77610.0,70,7,2,0.9999999999989455
0,31761.0,96,0,0,0.9820290631997206
0,34350.0,81,0,0,0.9800889131789716
0,54591.0,63,2,0,0.8940853734517805
0,71866.0,85,3,2,0.653319682629783
0,25293.0,51,1,0,0.9622696321819304
1,42000.0,23,2,1,1.0
0,69520.0,95,6,2,0.9999999916559879
1,64713.0,11,5,1,1.0
0,27889.0,42,1,0,0.9676496187583081
0,22123.0,77,1,0,0.9559128616411399
0,27803.0,40,0,0,0.9862892702226409
0,51651.0,32,2,0,0.8876713593403247
0,68487.0,48,7,2,0.9999999999999525
0,56796.0,24,9,2,1.0
0,87000.0,61,6,2,0.9999999327029192
0,79823.0,6,9,2,1.0
0,30828.0,16,1,0,0.9709282221185622
0,34109.0,39,0,0,0.9831471236664248
1,53367.0,2,1,1,1.0
0,22390.0,49,0,0,0.9859833796346967
0,71322.0,31,1,0,0.6364194525572886
1,49912.0,5,5,1,1.0
0,48699.0,90,0,0,0.9071777138045034
0,80144.0,47,7,2,0.9999999999989075
0,54252.0,25,1,0,0.9554836785581279
1,81929.0,60,4,1,1.0
0,76068.0,67,3,2,0.7236084916161608
0,53204.0,40,0,0,0.872498431055288
0,67911.0,63,7,2,0.99999999999994
1,14796.0,1,0,1,1.0
0,78128.0,89,4,2,0.9853032485816181
0,14188.0,40,0,0,0.9801995649910038
0,20425.0,5,0,0,0.9859308521828407
0,58646.0,3,1,0,0.9370784583151277
1,72967.0,1,2,1,1.0
0,48150.0,24,1,0,0.9710741507027307
1,82332.0,89,3,1,1.0
0,58275.0,48,2,0,0.8795195734286214
0,44953.0,31,3,2,0.8888197701103473
0,34587.0,68,0,0,0.9806919705745439
0,43018.0,46,2,0,0.8665037391551169
0,45736.0,92,1,0,0.9726077229380504
0,66476.0,80,8,2,1.0
0,27733.0,16,0,0,0.9871270190582014
0,69805.0,50,8,2,1.0
0,72217.0,93,10,2,1.0
0,25818.0,51,1,0,0.9637429300038752
0,37509.0,24,0,0,0.9806044363638659
0,25176.0,79,0,0,0.9856538262852315
0,43586.0,26,0,0,0.9667081848750415
0,53230.0,86,2,0,0.9029128848438555
0,50116.0,68,0,0,0.9012910818644287
0,84906.0,98,6,2,0.9999998959413401
0,61286.0,34,1,0,0.9024776879144466
1,82333.0,60,3,1,1.0
1,65220.0,3,4,1,1.0
0,33590.0,65,0,0,0.9819718623048531
0,30992.0,83,0,0,0.9832460079530382
1,72309.0,64,6,1,1.0
0,156924.0,85,0,2,1.0
0,16005.0,69,1,0,0.9118768760589386
0,58692.0,21,2,0,0.8734887092574015
0,40590.0,30,4,2,0.9999050491234898
0,20587.0,39,1,0,0.9390081938629342
0,62637.0,76,2,0,0.8556491149662762
1,29435.0,11,2,1,1.0
0,19346.0,26,0,0,0.9850251831503205
0,35788.0,34,0,0,0.9818442485380006
0,36997.0,72,1,0,0.977785873266349
0,23539.0,13,0,0,0.9869569210813195
0,65333.0,58,4,2,0.9930949351012797
1,78499.0,12,3,1,1.0
0,29732.0,23,0,0,0.9864553140836155
0,41275.0,33,1,0,0.9767466432816793
0,63516.0,30,1,0,0.8727091327209197
0,42769.0,15,1,0,0.9763613000603202
0,49572.0,25,0,0,0.9319858604608532
0,69209.0,4,3,2,0.71142330972798
0,17148.0,80,1,0,0.9276876502300879
0,40590.0,30,4,2,0.9999050491234898
0,30560.0,6,0,0,0.9869559157935922
0,32146.0,16,0,0,0.9858324768032652
0,41713.0,57,1,0,0.9765600658435735
0,34176.0,9,0,0,0.9850486712804202
0,58482.0,59,4,2,0.996445188418021
0,59686.0,78,1,0,0.9051775049926745
1,60896.0,90,10,1,1.0
0,62994.0,74,2,0,0.8520945417627626
0,47320.0,10,1,0,0.9729002218110333
0,74859.0,63,5,2,0.9999642315426835
0,15253.0,13,0,0,0.9813900151391683
0,31560.0,98,1,0,0.9769842120734484
0,72071.0,4,4,2,0.9938843865018694
1,91172.0,94,3,1,1.0
0,90000.0,91,8,2,0.9999999999999997
0,41967.0,66,0,0,0.9647052194556932
0,69263.0,14,1,0,0.7446362288507925
1,65706.0,77,3,1,1.0
0,60934.0,41,4,2,0.9962447649271711
0,71965.0,21,3,2,0.7120580906668925
0,65210.0,25,3,2,0.6860287753868504
1,79174.0,2,6,1,1.0
0,81380.0,51,2,2,0.6430492942447881
0,52914.0,32,3,2,0.7767225824570836
0,38946.0,84,1,0,0.9779438268467766
0,26067.0,49,0,0,0.9862579386003796
0,44325.0,69,2,0,0.88625679697945
0,42523.0,96,1,0,0.9762503260155003
0,26487.0,23,1,0,0.9621661048092524
0,53233.0,18,0,0,0.8915089449772257
0,67716.0,8,4,2,0.9951477279037093
0,76234.0,21,3,2,0.7530505911192316
0,84117.0,60,10,2,1.0
0,65487.0,48,5,2,0.9999917281547962
0,25224.0,36,1,0,0.9599579574496042
1,89616.0,36,5,1,1.0
0,40851.0,63,1,0,0.9769851849106167
0,27469.0,2,0,0,0.9876423650635717
1,82347.0,38,7,1,1.0
1,73803.0,61,5,1,1.0
0,8820.0,52,0,0,0.9696865431360892
0,43322.0,25,0,0,0.9678060338359311
0,55593.0,63,6,2,0.9999999998859579
1,50501.0,10,4,1,1.0
0,37085.0,65,0,0,0.9773507300886409
0,16185.0,71,2,2,0.8197696754360891
0,57731.0,0,8,2,1.0
0,73807.0,88,5,2,0.9999530901778824
0,18929.0,15,0,0,0.9848740746058683
0,35893.0,80,1,0,0.9779164518218959
0,61014.0,17,3,2,0.7121465265869321
0,32144.0,76,1,0,0.9760001443394467
0,14918.0,52,0,0,0.9812614692386668
0,45146.0,28,1,0,0.9745094389888783
0,41769.0,31,1,0,0.976585880263837
0,88325.0,42,2,2,0.8764311021902242
0,38054.0,24,0,0,0.9798423834633393
0,80617.0,42,6,2,0.9999999791991969
0,5305.0,12,0,0,0.9512536017381854
0,36807.0,88,0,0,0.9756828591925178
0,28427.0,67,0,0,0.9852198862841934
0,82032.0,54,6,2,0.9999999679995478
0,22775.0,40,0,0,0.9862194697615085
0,40101.0,73,1,0,0.9773873837086602
0,58025.0,81,2,0,0.8872609260115699
1,75777.0,12,6,1,1.0
0,7500.0,7,2,2,0.9885845798679121
0,33562.0,33,0,0,0.983976599481975
0,57642.0,24,6,2,0.9999999999186171
0,58554.0,55,2,0,0.8795635930181498
0,63777.0,87,1,0,0.8319506418778806
0,57967.0,39,2,0,0.8791553862947459
0,24434.0,9,1,0,0.9530080425665758
0,11012.0,82,1,0,0.8444170532961982
0,44802.0,71,4,2,0.9995291867915744
0,26816.0,50,0,0,0.9861458551372885
0,666666.0,23,1,2,1.0
0,34421.0,81,0,0,0.9799993396125187
0,61223.0,46,3,2,0.6713062918112009
0,64014.0,56,2,0,0.8403322523933753
0,56981.0,91,3,2,0.6269018383961683
0,69245.0,8,5,2,0.9999922242811945
1,52869.0,40,1,1,1.0
