NumWebPurchases,Income,Recency,NumWebVisitsMonth,cluster_kmeans
8,58138.0,58,7,1
1,46344.0,38,5,0
8,71613.0,26,4,1
2,26646.0,26,6,0
5,58293.0,94,5,2
6,62513.0,16,6,1
7,55635.0,34,6,1
4,33454.0,32,8,0
3,30351.0,19,9,0
1,5648.0,68,20,0
2,7500.0,59,8,0
3,63033.0,82,2,2
6,59354.0,53,6,1
1,17323.0,38,8,0
7,82800.0,23,3,2
3,41850.0,51,8,0
4,37760.0,20,7,0
11,76995.0,91,5,1
2,33812.0,86,6,0
4,37040.0,41,8,0
0,2447.0,42,1,0
2,58607.0,63,8,0
6,65324.0,0,4,1
7,40689.0,69,8,1
2,18589.0,89,7,0
5,53359.0,4,7,1
2,38360.0,26,3,0
6,84618.0,96,2,2
3,10979.0,34,5,0
2,38620.0,56,3,0
2,40548.0,31,5,0
4,46610.0,8,6,0
3,68657.0,4,7,0
2,49389.0,55,7,0
5,67353.0,37,2,2
3,23718.0,76,7,0
1,42429.0,99,5,0
7,48948.0,53,6,1
8,80011.0,3,4,1
2,20559.0,88,8,0
0,21994.0,4,5,0
2,7500.0,19,5,0
2,79941.0,72,1,2
3,7500.0,24,9,0
2,41728.0,92,10,0
5,72550.0,39,8,1
4,65486.0,29,2,2
6,79143.0,2,3,2
2,35790.0,54,7,0
4,82582.0,54,1,2
4,66373.0,57,3,2
3,82384.0,55,1,2
5,70287.0,30,3,2
1,27938.0,31,3,0
8,55954.0,63,7,1
3,75777.0,12,1,2
4,66653.0,18,3,2
8,61823.0,26,7,1
7,67680.0,8,5,1
7,70666.0,29,4,1
1,25721.0,75,7,0
1,32474.0,0,7,0
11,88194.0,19,5,1
5,69096.0,4,4,2
2,74854.0,90,5,2
4,66991.0,1,3,2
10,65031.0,29,7,1
9,60631.0,88,7,1
2,28332.0,58,2,2
1,40246.0,68,6,0
7,75251.0,34,5,1
5,75825.0,40,4,2
0,26326.0,12,3,0
10,56046.0,9,8,1
3,29760.0,87,8,0
1,26304.0,5,7,0
3,23559.0,87,7,0
2,38620.0,56,3,0
3,81361.0,18,1,2
1,29440.0,95,7,0
3,36138.0,48,7,0
6,50388.0,3,7,1
5,79593.0,70,2,2
2,54178.0,79,2,2
1,42394.0,69,7,0
3,23626.0,84,5,0
2,30096.0,30,6,0
7,47916.0,72,6,1
2,51813.0,37,7,0
5,78497.0,44,2,2
5,50150.0,32,5,1
2,47823.0,0,8,0
2,34554.0,43,6,0
9,85693.0,59,5,1
6,65846.0,68,4,2
3,87195.0,35,1,2
1,24594.0,94,5,0
4,49096.0,15,7,0
6,52413.0,56,6,1
3,38557.0,17,7,0
5,89058.0,18,2,2
6,77298.0,46,3,2
7,68126.0,40,9,1
8,57288.0,27,6,1
6,86037.0,95,3,2
6,43974.0,19,7,1
2,50785.0,27,6,0
4,90765.0,25,1,2
9,36550.0,74,9,1
1,30753.0,85,5,0
2,21918.0,37,6,0
6,56129.0,65,4,1
2,32557.0,13,5,0
1,19510.0,63,7,0
1,30992.0,83,7,0
6,101970.0,69,2,2
3,71488.0,87,1,2
3,79607.0,37,1,2
2,54348.0,51,6,0
6,77376.0,72,4,2
5,62998.0,10,5,1
11,61331.0,42,8,1
7,73448.0,10,4,1
5,41551.0,51,8,0
4,62981.0,21,3,2
1,9548.0,31,8,0
2,33762.0,61,8,0
1,35860.0,37,5,0
2,36921.0,74,7,0
5,92859.0,46,2,2
3,65104.0,4,7,0
5,86111.0,73,2,2
8,68352.0,47,6,1
4,41883.0,13,7,0
3,59809.0,36,8,0
2,23957.0,47,6,0
1,38547.0,49,8,0
4,35688.0,94,8,0
2,49605.0,65,3,2
4,59354.0,59,3,2
8,65747.0,96,6,1
7,46344.0,28,7,1
3,34176.0,12,6,0
8,61010.0,57,5,1
10,69372.0,10,4,1
6,49967.0,4,7,1
0,60199.0,49,4,2
1,55375.0,3,2,2
3,80317.0,64,1,2
1,30523.0,0,7,0
10,70356.0,20,6,1
3,23228.0,91,8,0
5,74165.0,9,2,2
0,157243.0,98,0,2
2,43482.0,83,6,0
6,62551.0,27,3,2
3,52332.0,63,4,2
3,66951.0,46,1,2
2,26091.0,84,5,0
1,33456.0,58,7,0
2,28718.0,78,8,0
3,50447.0,4,6,0
2,53537.0,17,5,0
2,52074.0,77,4,2
11,80427.0,56,5,1
9,83837.0,79,4,1
2,38853.0,90,7,0
0,38285.0,96,2,2
5,78497.0,44,2,2
4,51650.0,81,5,0
2,16248.0,77,6,0
6,66835.0,21,2,2
1,30477.0,16,6,0
2,28249.0,80,6,0
1,25271.0,45,9,0
1,32303.0,63,5,0
7,61286.0,34,5,1
4,74068.0,14,2,2
2,45759.0,13,7,0
1,24882.0,52,6,0
8,66973.0,98,3,2
2,36640.0,99,5,0
3,38872.0,93,8,0
5,51148.0,38,6,1
1,31353.0,24,8,0
7,69661.0,80,3,2
4,80067.0,82,2,2
5,86718.0,20,2,2
5,46854.0,81,8,0
8,69142.0,50,5,1
4,75922.0,60,1,2
11,63693.0,63,6,1
7,102160.0,54,4,2
1,40637.0,72,7,0
0,18890.0,5,6,0
1,29604.0,88,9,0
4,48721.0,50,6,0
2,44794.0,99,6,0
11,64497.0,17,8,1
3,46097.0,11,4,0
4,77972.0,18,1,2
5,44377.0,70,8,0
7,46014.0,21,7,1
3,70951.0,66,1,2
8,41443.0,79,8,1
1,52195.0,2,8,0
8,83790.0,81,3,2
4,44551.0,24,7,0
11,69508.0,48,6,1
1,45204.0,93,3,2
3,72460.0,56,1,2
6,77622.0,3,3,2
4,30732.0,44,8,0
9,63887.0,38,6,1
3,42011.0,46,8,0
8,51369.0,84,8,1
2,51537.0,27,8,0
3,79930.0,72,2,2
1,34320.0,66,8,0
5,37070.0,30,7,0
6,81975.0,2,7,1
1,38590.0,65,8,0
1,15033.0,37,3,0
7,62745.0,89,5,1
2,22212.0,49,6,0
1,23661.0,46,7,0
5,79761.0,32,3,2
3,7500.0,54,7,0
1,60182.0,23,4,2
6,73455.0,98,3,2
6,64961.0,97,3,2
2,22804.0,75,9,0
3,73687.0,8,2,2
11,61074.0,37,7,1
1,31686.0,31,6,0
5,80134.0,40,6,1
9,75027.0,74,5,1
4,67546.0,90,3,2
9,65176.0,57,6,1
2,31160.0,59,8,0
1,29938.0,52,6,0
6,102692.0,5,2,2
3,26490.0,92,6,0
4,75702.0,77,8,1
1,30899.0,35,6,0
8,63342.0,48,6,1
3,45989.0,97,3,2
2,18701.0,95,5,0
1,40737.0,24,8,0
1,15287.0,60,7,0
10,69674.0,46,5,1
4,44159.0,85,5,0
1,37717.0,31,9,0
5,43776.0,9,8,0
3,38179.0,30,7,0
3,80124.0,47,1,2
3,38097.0,70,7,0
3,72940.0,13,1,2
2,22070.0,11,6,0
3,69267.0,31,7,0
3,31788.0,15,5,0
4,61905.0,2,5,2
2,29315.0,55,6,0
2,33378.0,38,7,0
6,66313.0,86,4,2
7,60714.0,56,5,1
3,77882.0,29,1,2
3,69867.0,30,1,2
9,63841.0,64,6,1
3,24480.0,46,7,0
8,51369.0,84,8,1
4,37760.0,20,7,0
5,65640.0,74,2,2
2,44319.0,18,5,0
3,30631.0,75,7,0
6,75278.0,17,3,2
6,50898.0,88,5,1
5,79946.0,19,3,2
7,35416.0,62,8,1
1,32414.0,11,7,0
3,38361.0,74,7,0
2,82497.0,32,4,2
3,16626.0,76,9,0
0,29672.0,6,6,0
3,55951.0,62,8,0
1,35388.0,20,7,0
3,42386.0,43,8,0
2,68627.0,45,1,2
8,57912.0,34,5,1
3,35246.0,53,5,0
9,58821.0,44,6,1
2,46377.0,89,4,0
5,39747.0,43,8,0
3,23976.0,68,7,0
6,80950.0,44,2,2
3,27038.0,64,9,0
2,77457.0,85,1,2
8,64100.0,93,7,1
4,42670.0,12,4,0
3,12571.0,86,6,0
2,22574.0,28,7,0
6,70893.0,42,3,2
3,54198.0,13,4,2
2,28839.0,86,5,0
3,40321.0,59,7,0
4,66503.0,30,3,2
1,30833.0,33,5,0
3,64795.0,23,2,2
1,34421.0,81,7,0
1,47025.0,6,7,0
10,64325.0,41,7,1
8,40464.0,78,8,1
4,62187.0,49,3,2
2,14849.0,39,8,0
1,27255.0,3,7,0
1,54432.0,37,4,0
3,29999.0,22,8,0
1,24072.0,79,8,0
1,33996.0,46,4,0
9,66334.0,82,5,1
1,35178.0,10,7,0
2,22010.0,51,8,0
4,62204.0,38,3,2
11,75693.0,10,4,1
1,30675.0,14,8,0
7,83003.0,18,3,2
4,83532.0,36,1,2
4,68655.0,95,3,2
2,41411.0,11,6,0
4,55212.0,65,8,0
3,59292.0,71,3,2
1,27190.0,13,8,0
2,82623.0,58,1,2
1,44300.0,65,6,0
4,84835.0,0,1,2
2,30372.0,33,7,0
1,33181.0,90,6,0
6,71113.0,95,4,2
8,71952.0,93,4,1
4,69759.0,38,3,2
3,72099.0,18,1,2
11,60000.0,57,6,1
2,38643.0,45,7,0
2,50737.0,61,6,0
3,68462.0,6,1,2
5,65073.0,65,2,2
4,46681.0,52,5,0
4,78618.0,87,2,2
6,62187.0,38,4,1
2,28442.0,53,4,0
1,37717.0,31,9,0
6,51479.0,67,7,1
6,54803.0,65,4,1
4,79530.0,64,2,2
2,31615.0,82,7,0
4,72025.0,27,3,2
2,52614.0,63,8,0
1,35684.0,66,6,0
5,48178.0,69,8,0
1,29548.0,52,4,0
4,63810.0,45,8,0
3,38578.0,2,8,0
3,46098.0,86,8,0
1,22585.0,23,9,0
1,30279.0,13,8,0
3,66426.0,14,6,0
1,30822.0,92,7,0
1,33581.0,38,8,0
0,19986.0,74,7,0
4,27421.0,14,7,0
4,35688.0,94,8,0
0,36143.0,33,3,0
1,10245.0,32,5,0
7,43795.0,11,7,1
4,63381.0,78,2,2
2,38823.0,56,6,0
2,83664.0,57,5,2
5,90300.0,7,1,2
3,62499.0,0,4,2
5,74293.0,66,2,2
4,51012.0,86,6,0
5,70777.0,80,3,2
4,68682.0,56,2,2
3,43824.0,18,8,0
1,15345.0,51,8,0
1,23442.0,71,7,0
2,14515.0,71,7,0
2,31395.0,80,6,0
9,75276.0,2,5,1
2,42373.0,83,5,0
5,30507.0,29,7,0
6,55521.0,11,7,1
1,48006.0,55,6,0
2,27213.0,19,8,0
5,65808.0,1,6,1
3,30351.0,19,9,0
7,50437.0,28,7,1
3,23616.0,76,8,0
4,53858.0,50,4,2
11,66465.0,1,6,1
5,46923.0,90,7,0
5,75072.0,83,3,2
3,75865.0,73,1,2
2,19789.0,24,5,0
2,80134.0,11,5,2
7,91065.0,33,3,2
10,49505.0,4,8,1
2,37401.0,14,7,0
2,30096.0,30,6,0
1,18492.0,75,8,0
3,82584.0,26,1,2
7,93027.0,77,2,2
1,48686.0,8,8,0
6,92910.0,42,1,2
2,75433.0,28,6,0
1,10404.0,52,5,0
5,61314.0,1,3,2
2,84865.0,1,4,2
8,42387.0,42,8,1
9,67309.0,76,7,1
8,75236.0,27,4,1
1,30015.0,28,5,0
1,50943.0,49,5,0
6,67272.0,12,5,1
9,51529.0,14,8,1
2,32011.0,89,7,0
2,7500.0,96,8,0
1,28691.0,56,8,0
2,56223.0,72,4,2
0,18100.0,14,5,0
1,30279.0,13,8,0
1,20130.0,99,8,0
1,23295.0,72,8,0
5,42618.0,92,8,0
4,81246.0,87,1,2
2,24027.0,7,8,0
3,55707.0,91,3,2
4,57959.0,71,3,2
8,56796.0,24,7,1
2,36230.0,17,5,0
4,70829.0,87,3,2
9,65991.0,21,7,1
5,38988.0,90,8,0
7,89572.0,44,4,2
4,42207.0,71,6,0
2,50300.0,52,2,2
5,66664.0,78,3,2
2,60597.0,2,7,0
3,70165.0,60,1,2
3,50520.0,25,6,0
3,80124.0,47,1,2
4,33183.0,46,7,0
2,66582.0,83,1,2
5,75261.0,17,2,2
1,31880.0,13,8,0
7,53790.0,86,6,1
7,49269.0,92,7,1
6,61456.0,47,4,1
1,37406.0,18,8,0
8,56937.0,81,6,1
1,38415.0,91,7,0
1,20518.0,58,5,0
8,62503.0,40,5,1
1,41644.0,67,3,0
7,55842.0,19,5,1
6,62010.0,93,5,1
7,41124.0,41,8,1
2,38961.0,60,7,0
2,37760.0,54,6,0
6,32233.0,26,9,1
4,43057.0,30,5,0
5,83151.0,93,3,2
5,78825.0,35,3,2
3,65104.0,4,7,0
7,60093.0,92,6,1
1,14045.0,24,7,0
4,28457.0,96,8,0
2,78952.0,11,6,2
6,46310.0,99,8,1
3,76005.0,72,6,2
2,58308.0,77,8,0
9,55614.0,85,7,1
5,59432.0,88,5,2
2,55563.0,22,3,2
4,78642.0,83,6,2
6,67911.0,63,3,2
4,65275.0,9,2,2
1,27203.0,92,8,0
1,48330.0,2,5,0
4,24279.0,6,8,0
4,64355.0,66,8,0
1,50943.0,49,5,0
10,53653.0,29,6,1
5,65665.0,77,3,2
3,81217.0,77,1,2
2,34935.0,71,7,0
5,61250.0,49,5,1
4,39665.0,97,7,0
6,60152.0,6,3,2
6,48920.0,93,7,1
5,89120.0,78,1,2
6,44124.0,62,8,1
5,81169.0,47,2,2
3,36443.0,9,8,0
1,26095.0,77,7,0
4,71367.0,24,2,2
6,80184.0,19,3,2
2,30630.0,67,7,0
2,73454.0,95,5,2
5,42691.0,48,5,1
2,70503.0,73,6,0
2,25545.0,35,6,0
1,32880.0,76,8,0
4,77863.0,20,2,2
4,50353.0,72,3,2
4,61839.0,20,8,0
4,49154.0,69,6,0
4,47682.0,80,5,0
4,72679.0,65,1,2
8,57954.0,52,7,1
3,65316.0,65,4,2
2,28567.0,57,6,0
6,47352.0,70,7,1
2,44931.0,0,5,0
8,76982.0,19,4,1
2,57247.0,50,2,2
3,22944.0,67,7,0
3,25315.0,46,8,0
4,43638.0,37,7,0
4,42710.0,38,6,0
7,84169.0,9,3,2
4,54058.0,56,3,2
2,24683.0,98,5,0
3,85620.0,68,1,2
3,47850.0,72,6,0
3,19514.0,47,8,0
1,27159.0,33,6,0
1,39548.0,87,3,0
3,21474.0,0,7,0
6,60504.0,73,6,1
3,22419.0,74,8,0
3,81698.0,4,1,2
4,43462.0,50,8,0
6,54880.0,57,5,1
5,79908.0,30,2,2
2,15315.0,27,5,0
5,87771.0,61,6,1
2,33039.0,4,5,0
6,81741.0,75,2,2
8,71499.0,12,4,1
6,62466.0,13,4,1
3,48799.0,9,3,2
3,52157.0,48,4,2
4,66565.0,80,8,0
1,29298.0,60,5,0
1,47691.0,43,6,0
1,38200.0,19,7,0
5,44989.0,26,6,1
1,38443.0,58,7,0
4,38593.0,42,8,0
5,64413.0,27,5,1
2,36959.0,56,8,0
6,61996.0,27,5,1
4,51287.0,10,7,0
3,13260.0,48,8,0
2,47472.0,39,5,0
4,54603.0,85,7,0
3,45207.0,64,6,0
7,40689.0,69,8,1
1,47821.0,54,8,0
2,27450.0,57,7,0
2,39453.0,64,6,0
2,26850.0,10,4,0
5,79800.0,65,3,2
4,61794.0,74,2,2
7,53863.0,4,7,1
1,24221.0,94,4,0
2,39684.0,41,7,0
5,92163.0,25,2,2
3,69882.0,94,1,2
1,33178.0,9,4,0
3,59973.0,47,1,2
3,17459.0,12,7,0
2,23910.0,80,7,0
1,42169.0,20,8,0
2,26224.0,39,6,0
3,31089.0,57,8,0
1,30081.0,27,7,0
5,62807.0,83,5,2
3,72906.0,79,1,2
5,61467.0,69,5,1
3,49618.0,77,7,0
5,21888.0,15,10,0
1,42429.0,99,5,0
1,26150.0,61,7,0
1,30801.0,23,7,0
6,81168.0,84,3,2
3,26877.0,74,6,0
3,45006.0,90,3,2
1,18978.0,41,8,0
2,22574.0,28,7,0
6,48240.0,73,5,1
6,45837.0,88,7,1
1,35791.0,94,8,0
0,162397.0,31,1,2
1,54162.0,31,4,0
1,30522.0,6,2,0
6,54456.0,23,6,1
2,31632.0,92,7,0
4,72298.0,52,1,2
1,36975.0,50,7,0
6,72635.0,54,3,2
2,13624.0,93,6,0
8,84196.0,56,3,2
11,70971.0,28,7,1
3,34487.0,94,9,0
4,28769.0,76,9,0
7,69084.0,43,8,1
3,65488.0,46,1,2
6,62466.0,13,4,1
2,32218.0,27,7,0
6,83917.0,12,3,2
1,46102.0,3,7,0
9,84574.0,72,5,1
4,56181.0,6,4,2
8,63120.0,53,7,1
6,73691.0,58,2,2
4,63381.0,78,2,2
5,76140.0,57,2,2
9,62859.0,37,6,1
5,45906.0,20,5,1
4,77632.0,73,2,2
3,46463.0,56,6,0
9,105471.0,36,3,2
3,55282.0,9,4,2
7,78710.0,42,4,1
7,66886.0,28,5,1
4,98777.0,23,1,2
1,29103.0,38,9,0
9,67445.0,63,6,1
1,50616.0,71,2,2
7,49431.0,9,8,1
0,153924.0,81,0,2
3,61278.0,87,6,0
3,26490.0,92,6,0
9,73059.0,36,4,1
3,46734.0,86,6,0
7,56253.0,83,6,1
0,19986.0,74,7,0
6,58330.0,87,4,2
2,25965.0,29,8,0
1,14661.0,88,6,0
1,18690.0,77,8,0
1,45068.0,25,7,0
2,21063.0,34,6,0
1,29187.0,43,8,0
3,54690.0,76,3,2
7,59304.0,81,5,1
5,59247.0,87,6,1
4,66731.0,33,3,2
6,77353.0,38,4,2
2,52614.0,63,8,0
1,26751.0,26,8,0
10,81300.0,17,5,1
2,70337.0,75,1,2
4,36145.0,13,9,0
3,65295.0,19,2,2
8,68118.0,51,6,1
11,68743.0,81,7,1
8,41039.0,32,8,1
3,38946.0,84,5,0
2,65777.0,87,1,2
5,66476.0,99,4,2
5,86857.0,96,2,2
0,160803.0,21,0,2
3,77845.0,40,1,2
4,69476.0,3,2,2
4,50611.0,98,6,0
5,61209.0,73,2,2
1,42315.0,90,3,2
1,13084.0,29,6,0
2,47570.0,3,7,0
2,61923.0,94,3,2
1,34824.0,65,6,0
2,26518.0,33,8,0
8,45938.0,46,6,1
10,78468.0,29,4,1
9,78901.0,99,4,1
8,71427.0,26,4,1
5,71022.0,30,8,1
3,90247.0,27,1,2
4,41335.0,24,7,0
8,71952.0,93,4,1
1,35682.0,34,2,2
9,43185.0,88,8,1
2,66375.0,96,7,0
1,35178.0,10,7,0
1,25252.0,26,8,0
7,55250.0,49,5,1
2,33249.0,11,6,0
5,58398.0,44,4,2
4,50272.0,75,7,0
3,76618.0,64,1,2
5,87305.0,19,2,2
2,25851.0,45,7,0
11,58710.0,77,6,1
1,45160.0,9,7,0
5,74806.0,1,4,2
11,59111.0,90,7,1
1,18988.0,43,7,0
5,72190.0,79,3,2
4,7500.0,19,9,0
2,44794.0,99,6,0
6,80395.0,62,2,2
3,75012.0,41,1,2
6,56962.0,60,7,1
11,89891.0,17,4,1
0,35946.0,24,5,0
7,53593.0,60,8,1
4,66373.0,57,3,2
6,45072.0,74,8,1
4,89694.0,22,5,2
4,72025.0,46,2,2
8,67432.0,69,4,1
4,70545.0,29,2,2
1,17487.0,37,7,0
7,62882.0,26,4,1
6,64108.0,8,5,1
3,34941.0,26,8,0
2,48767.0,79,5,0
3,38702.0,71,6,0
6,82224.0,83,3,2
4,83844.0,57,1,2
2,17003.0,37,5,0
3,71163.0,30,1,2
1,33697.0,34,7,0
10,63564.0,0,6,1
6,83443.0,89,2,2
3,51518.0,92,3,2
6,58330.0,87,4,2
8,80952.0,20,8,1
8,75507.0,56,3,2
7,63855.0,28,4,1
7,62220.0,55,6,1
3,58512.0,25,8,0
2,40662.0,0,4,0
3,38829.0,86,5,0
3,35523.0,8,7,0
8,79146.0,33,6,1
6,78285.0,13,3,2
2,31626.0,12,7,0
2,75127.0,92,1,2
3,48726.0,90,6,0
3,74985.0,8,2,2
11,67430.0,6,6,1
2,46891.0,91,4,0
6,62058.0,52,6,1
5,72063.0,3,2,2
8,78939.0,57,3,2
7,42720.0,9,8,1
2,33622.0,22,7,0
0,6835.0,76,20,0
1,41452.0,86,7,0
2,40760.0,64,6,0
2,74250.0,90,1,2
1,51124.0,79,3,2
6,72258.0,28,2,2
4,71466.0,86,1,2
1,36283.0,42,4,0
1,20587.0,39,7,0
1,30467.0,8,7,0
1,31590.0,40,8,0
2,20425.0,5,7,0
3,17144.0,96,7,0
6,42564.0,28,7,1
7,43783.0,22,7,1
7,40780.0,30,9,1
3,62847.0,45,2,2
5,82017.0,58,2,2
2,16813.0,49,7,0
3,51267.0,37,4,2
1,46524.0,70,3,2
4,45183.0,33,7,0
10,70421.0,98,6,1
11,60161.0,17,8,1
6,73926.0,54,3,2
4,19329.0,39,8,0
4,61872.0,81,4,2
1,46984.0,71,5,0
2,34838.0,62,6,0
6,82716.0,8,2,2
2,48192.0,76,8,0
7,49681.0,66,7,1
1,56850.0,83,2,2
3,55267.0,28,3,2
3,59666.0,87,8,0
5,72504.0,43,2,2
1,26872.0,0,6,0
2,21359.0,1,8,0
5,73170.0,1,2,2
5,52750.0,72,4,2
5,91820.0,72,1,2
5,65968.0,12,3,2
1,30772.0,89,6,0
10,22507.0,67,9,1
9,65685.0,54,5,1
2,25804.0,34,8,0
5,76412.0,15,3,2
2,22063.0,43,7,0
7,57091.0,0,5,1
3,22419.0,74,8,0
5,87771.0,61,6,1
10,78353.0,51,8,1
3,93404.0,97,5,2
1,37859.0,75,8,0
8,80995.0,83,4,1
1,16529.0,23,6,0
2,55412.0,65,5,0
6,48789.0,94,6,1
7,56575.0,42,5,1
2,25130.0,10,7,0
1,35441.0,94,8,0
6,71391.0,50,3,2
6,49494.0,46,7,1
7,81702.0,98,3,2
1,45889.0,42,6,0
7,56628.0,30,5,1
2,34026.0,11,5,0
3,40049.0,61,5,0
3,34176.0,12,6,0
4,19419.0,76,9,0
3,82504.0,2,1,2
5,81205.0,43,2,2
3,61618.0,27,3,2
7,55284.0,60,5,1
3,49980.0,79,5,0
3,15072.0,96,5,0
5,49166.0,17,6,1
6,65324.0,0,4,1
7,82347.0,38,3,2
1,30843.0,43,5,0
7,46374.0,1,8,1
10,60474.0,25,7,1
1,38576.0,2,7,0
6,55357.0,66,5,1
1,37758.0,49,8,0
6,85710.0,5,2,2
2,23228.0,71,8,0
6,44602.0,35,8,1
0,7500.0,94,6,0
4,38683.0,80,7,0
6,49514.0,61,7,1
4,57906.0,29,4,2
5,43456.0,0,5,1
1,19485.0,80,7,0
2,53172.0,54,3,2
2,30545.0,71,7,0
5,70123.0,27,3,2
5,62450.0,61,3,2
4,21675.0,55,7,0
3,42395.0,35,7,0
5,61346.0,34,3,2
4,80812.0,95,2,2
6,42835.0,64,6,1
3,39922.0,30,8,0
6,86424.0,12,1,2
3,17117.0,96,9,0
3,24762.0,16,8,0
2,35797.0,16,8,0
0,36627.0,78,5,0
2,51111.0,83,6,0
5,86857.0,96,2,2
3,82072.0,67,1,2
6,46231.0,87,9,1
2,42243.0,34,7,0
9,51195.0,46,8,1
2,68092.0,7,5,2
2,31814.0,73,9,0
5,51390.0,54,5,1
3,76630.0,93,1,2
1,26868.0,52,7,0
7,48948.0,53,6,1
8,55260.0,81,6,1
6,64090.0,8,5,1
10,78331.0,97,4,1
4,37087.0,50,6,0
4,21846.0,38,8,0
4,81320.0,61,2,2
4,54137.0,46,6,0
4,66825.0,73,2,2
3,57100.0,19,3,2
4,58917.0,10,5,2
3,85072.0,94,0,2
7,86429.0,10,2,2
1,45684.0,37,7,0
2,47889.0,94,5,0
2,45921.0,23,4,0
3,78420.0,75,1,2
3,75114.0,40,2,2
10,52278.0,24,8,1
3,35641.0,11,7,0
7,95529.0,29,3,2
3,62820.0,51,1,2
3,73113.0,86,2,2
7,84169.0,9,3,2
3,42607.0,30,3,2
6,74637.0,73,3,2
1,46015.0,25,7,0
2,72354.0,67,1,2
2,39858.0,67,6,0
1,34469.0,58,4,0
11,83033.0,82,5,1
6,24401.0,98,8,0
4,77583.0,93,2,2
4,74116.0,53,2,2
5,74293.0,66,2,2
6,68397.0,6,3,2
6,79632.0,42,2,2
1,46107.0,78,3,2
11,64950.0,29,7,1
1,25443.0,82,8,0
2,75127.0,92,1,2
3,32892.0,78,8,0
9,71796.0,54,4,1
11,67536.0,45,8,1
7,55239.0,59,5,1
8,60554.0,8,6,1
6,64831.0,51,6,1
7,56067.0,51,5,1
3,82025.0,76,1,2
5,94384.0,62,2,2
2,14906.0,86,7,0
4,51563.0,60,8,0
4,57937.0,56,3,2
4,68274.0,83,3,2
2,39771.0,92,4,0
3,67893.0,31,8,0
2,27922.0,80,4,0
2,52190.0,39,5,0
3,44051.0,20,6,0
3,42767.0,53,8,0
1,46106.0,84,6,0
3,16927.0,50,8,0
5,59754.0,96,5,2
5,53700.0,94,5,1
2,59041.0,25,5,0
5,54237.0,48,6,1
4,70647.0,65,2,2
6,52597.0,69,5,1
2,41021.0,12,6,0
2,40233.0,84,6,0
3,50183.0,47,5,0
5,54753.0,87,4,2
6,92955.0,35,2,2
3,33471.0,47,7,0
1,34596.0,48,8,0
10,44010.0,46,9,1
3,84219.0,27,1,2
3,40706.0,37,7,0
3,15716.0,8,8,0
7,59052.0,29,5,1
4,80573.0,85,2,2
2,83715.0,2,0,2
2,82576.0,66,1,2
6,56962.0,60,7,1
2,35704.0,54,4,0
10,53103.0,70,7,1
0,46779.0,55,4,0
0,4861.0,20,14,0
2,33462.0,78,7,0
11,63693.0,63,6,1
5,80763.0,17,3,2
4,65352.0,43,4,2
5,82170.0,13,2,2
9,75759.0,46,5,1
4,79689.0,65,2,2
2,35340.0,1,5,0
2,85683.0,6,1,2
0,24884.0,32,7,0
10,42021.0,34,9,1
5,64449.0,70,4,2
1,64587.0,49,3,2
1,34824.0,65,6,0
8,75437.0,25,6,1
2,26091.0,84,5,0
8,52845.0,7,6,1
3,46086.0,34,4,0
6,78028.0,38,7,1
4,95169.0,1,1,2
8,56337.0,25,8,1
2,22434.0,25,8,0
5,36930.0,50,8,0
3,36130.0,46,4,0
6,65569.0,96,3,2
4,83844.0,57,1,2
3,19514.0,47,8,0
1,36736.0,52,6,0
10,77568.0,30,5,1
1,49187.0,63,2,2
6,30168.0,51,9,0
3,34053.0,14,8,0
2,38196.0,20,5,0
4,59412.0,56,3,2
6,70924.0,41,3,2
2,54165.0,72,2,2
1,32300.0,1,8,0
2,20180.0,27,7,0
3,34961.0,77,7,0
2,28440.0,87,8,0
11,64504.0,81,7,1
1,33564.0,51,5,0
2,17345.0,79,8,0
5,56320.0,11,4,2
2,28647.0,54,7,0
2,15038.0,93,9,0
1,32173.0,0,4,0
10,68316.0,54,6,1
8,74538.0,21,3,1
8,91700.0,58,3,2
4,68695.0,3,2,2
1,31056.0,99,8,0
5,79593.0,70,2,2
5,28071.0,65,8,0
3,37334.0,44,4,0
2,46423.0,6,7,0
1,37126.0,9,6,0
6,47703.0,95,5,1
5,61180.0,70,3,2
2,38998.0,92,8,0
0,8028.0,62,19,0
4,76081.0,85,2,2
1,34728.0,2,6,0
2,33168.0,0,7,0
2,33585.0,91,4,0
7,77037.0,3,3,2
6,35196.0,68,8,1
6,44529.0,98,5,1
6,70924.0,41,3,2
1,28764.0,16,8,0
7,69098.0,82,5,1
1,25959.0,1,6,0
1,27100.0,64,7,0
3,70596.0,68,2,2
6,42557.0,98,8,1
5,53312.0,32,7,1
6,72228.0,87,3,2
2,67605.0,84,1,2
3,62845.0,3,8,0
7,65196.0,34,5,1
5,42000.0,23,5,1
1,35860.0,37,5,0
4,65526.0,22,2,2
1,16860.0,19,7,0
4,83528.0,7,1,2
8,64176.0,52,6,1
1,22304.0,91,8,0
3,67023.0,93,2,2
3,32892.0,78,8,0
5,70713.0,23,3,2
9,59925.0,83,6,1
2,39722.0,92,5,0
6,46610.0,4,6,1
4,88347.0,32,1,2
6,87171.0,27,2,2
1,26907.0,10,7,0
4,50014.0,9,5,0
1,41014.0,65,7,0
4,66294.0,68,2,2
7,36715.0,16,9,1
5,79456.0,12,3,2
0,40479.0,95,4,0
5,75345.0,16,3,2
11,54233.0,46,8,1
1,24163.0,3,4,0
9,84460.0,80,5,1
1,43776.0,77,6,0
4,71691.0,0,2,2
6,85844.0,62,2,2
2,39190.0,91,5,0
4,71367.0,24,2,2
3,38578.0,2,8,0
2,57236.0,22,3,2
4,61825.0,56,4,2
4,79803.0,54,1,2
3,80910.0,71,1,2
1,27590.0,38,7,0
5,56775.0,62,5,1
4,83829.0,78,1,2
4,54210.0,18,5,0
7,38508.0,95,8,1
4,53187.0,66,5,0
2,30023.0,28,8,0
4,76045.0,78,2,2
2,50870.0,13,5,0
2,15315.0,27,5,0
6,65463.0,17,5,1
4,66480.0,71,4,2
2,76773.0,79,1,2
8,81698.0,1,5,1
1,54466.0,78,5,0
4,98777.0,23,1,2
3,16269.0,75,8,0
3,71819.0,70,6,2
1,33569.0,10,8,0
3,36262.0,24,6,0
2,22634.0,47,8,0
11,47025.0,98,9,1
6,70566.0,4,3,2
2,31605.0,15,7,0
4,52034.0,67,7,0
2,48526.0,32,3,2
6,46734.0,40,7,1
6,39552.0,54,8,1
5,86358.0,78,8,1
1,46931.0,94,3,2
0,16581.0,51,4,0
7,63998.0,42,4,1
2,67381.0,67,7,0
1,25930.0,87,7,0
1,42693.0,29,5,0
6,85606.0,89,3,2
7,72903.0,74,4,1
5,49669.0,97,6,1
3,36778.0,63,9,0
4,85696.0,88,1,2
3,10979.0,34,5,0
6,49678.0,81,7,1
6,56129.0,65,4,1
2,37155.0,51,5,0
2,21282.0,76,6,0
2,33419.0,76,7,0
6,63285.0,84,3,2
2,21255.0,56,4,0
3,42162.0,31,6,0
9,54450.0,0,8,1
9,57744.0,91,8,1
1,26576.0,40,9,0
9,57513.0,59,6,1
10,68142.0,96,6,1
1,7500.0,61,8,0
5,83145.0,14,2,2
1,54197.0,16,1,2
2,23091.0,98,7,0
5,46049.0,11,7,1
7,56715.0,52,4,1
3,79410.0,19,1,2
7,57304.0,61,5,1
4,44375.0,73,5,0
9,54450.0,0,8,1
8,59594.0,74,7,1
6,80685.0,55,2,2
4,40344.0,48,7,0
4,62710.0,53,4,2
1,48985.0,13,3,2
2,35322.0,34,8,0
4,77142.0,54,2,2
3,81657.0,69,1,2
1,14421.0,81,5,0
1,20130.0,99,8,0
8,74214.0,3,5,1
8,66726.0,61,7,1
2,23724.0,65,8,0
2,47353.0,93,5,0
1,33444.0,24,8,0
3,54386.0,8,3,2
2,28510.0,72,5,0
3,90638.0,29,1,2
8,48070.0,33,7,1
4,43140.0,68,6,0
9,54959.0,55,7,1
2,15056.0,76,5,0
1,26954.0,17,7,0
1,22327.0,94,5,0
1,44393.0,86,4,0
6,62000.0,25,4,1
3,31497.0,22,8,0
1,45894.0,15,5,0
5,78579.0,35,3,2
7,67369.0,81,4,1
1,58401.0,55,4,2
4,62307.0,94,5,2
2,43641.0,50,6,0
9,63841.0,64,6,1
2,46891.0,91,4,0
5,70091.0,11,8,1
3,78075.0,72,1,2
6,59184.0,6,5,1
2,54809.0,0,4,2
9,58113.0,66,7,1
3,51412.0,42,4,2
1,15287.0,60,7,0
3,66636.0,64,1,2
10,50965.0,87,8,1
6,84618.0,96,2,2
2,18351.0,1,7,0
1,40451.0,54,5,0
3,36317.0,53,7,0
5,42213.0,96,7,0
2,65748.0,58,1,2
7,77044.0,12,4,1
5,74918.0,78,3,2
4,56721.0,64,6,0
2,42160.0,26,6,0
4,61559.0,8,3,2
3,33629.0,49,9,0
4,68682.0,56,2,2
2,34377.0,55,7,0
3,8940.0,25,8,0
1,26228.0,50,8,0
5,77297.0,84,4,2
2,40211.0,30,8,0
2,33438.0,81,5,0
5,75032.0,74,3,2
11,61284.0,76,6,1
2,22518.0,36,5,0
4,54730.0,64,4,2
3,38452.0,62,7,0
5,44421.0,53,8,0
1,38197.0,86,5,0
3,41986.0,15,4,0
2,28427.0,67,8,0
1,37395.0,47,6,0
8,64722.0,47,6,1
2,55249.0,81,3,2
5,84906.0,98,2,2
1,28691.0,56,8,0
2,44213.0,48,6,0
1,25707.0,18,7,0
2,59062.0,74,4,2
5,76624.0,68,1,2
1,66000.0,36,1,2
6,27683.0,90,8,0
0,1730.0,65,20,0
3,7500.0,63,9,0
0,40521.0,82,5,0
1,20427.0,63,8,0
8,65106.0,55,6,1
4,69969.0,64,3,2
6,67433.0,51,4,2
11,77766.0,97,6,1
7,74716.0,92,4,2
8,68118.0,51,6,1
7,55158.0,72,7,1
7,62972.0,39,6,1
4,74190.0,49,2,2
1,39356.0,21,6,0
4,76653.0,91,2,2
1,35860.0,37,5,0
6,90687.0,98,2,2
7,73450.0,85,3,2
2,31454.0,40,8,0
2,47139.0,2,7,0
4,83829.0,78,1,2
9,53378.0,41,8,1
2,19656.0,94,7,0
4,45579.0,10,6,0
6,85485.0,73,2,2
7,55956.0,22,4,1
5,64191.0,30,3,2
5,38808.0,21,8,0
9,57183.0,51,8,1
2,23748.0,97,8,0
3,66303.0,56,8,0
1,37368.0,4,6,0
3,40800.0,77,7,0
6,71847.0,95,3,2
5,46149.0,36,5,1
4,78687.0,13,2,2
9,49118.0,90,7,1
1,37633.0,49,9,0
7,39767.0,18,8,1
4,26997.0,89,7,0
1,33986.0,43,7,0
9,57091.0,82,7,1
1,46831.0,84,4,0
5,83151.0,80,2,2
7,52531.0,68,6,1
1,15759.0,12,7,0
2,22804.0,75,9,0
2,43050.0,10,5,0
1,42997.0,91,7,0
1,48918.0,21,4,0
2,60033.0,28,2,2
2,34043.0,97,9,0
7,57811.0,49,5,1
4,78569.0,14,1,2
2,7500.0,5,6,0
1,157733.0,37,1,2
5,94384.0,62,2,2
2,23148.0,83,7,0
5,44267.0,48,9,0
5,71626.0,94,3,2
10,60894.0,61,7,1
7,50200.0,70,8,1
5,81051.0,43,2,2
10,65169.0,23,6,1
11,59868.0,37,6,1
5,65695.0,50,4,2
7,64857.0,78,4,1
6,45143.0,74,7,1
4,74805.0,14,2,2
3,59060.0,77,4,2
3,27238.0,39,9,0
3,47009.0,89,4,2
1,46094.0,62,7,0
3,40321.0,59,7,0
1,37235.0,68,4,0
5,81843.0,13,3,2
6,46692.0,37,6,1
5,77382.0,36,1,2
7,37774.0,28,9,1
3,18393.0,2,8,0
6,72828.0,17,7,1
3,24711.0,86,7,0
3,45503.0,54,5,0
1,6560.0,2,17,0
8,71604.0,3,4,1
2,27244.0,84,7,0
6,48752.0,8,9,1
7,71434.0,4,4,1
4,90842.0,57,1,2
6,88097.0,24,9,1
5,51948.0,51,5,1
2,71853.0,29,1,2
3,35876.0,13,6,0
1,40049.0,23,6,0
7,39660.0,36,9,1
5,50127.0,88,6,1
5,43263.0,2,5,1
3,62845.0,3,8,0
1,18929.0,15,6,0
1,24367.0,58,9,0
2,33249.0,11,6,0
1,26887.0,27,6,0
5,50150.0,32,5,1
10,62061.0,12,6,1
4,85696.0,88,1,2
4,76542.0,91,2,2
6,70515.0,12,2,2
0,18227.0,21,8,0
4,69139.0,23,4,2
6,69109.0,10,4,1
8,69627.0,35,5,1
3,38136.0,69,8,0
6,62159.0,68,4,2
5,80695.0,85,2,2
2,33316.0,34,6,0
8,58554.0,55,7,1
2,17256.0,10,8,0
6,53034.0,30,8,1
8,52203.0,36,6,1
2,59601.0,14,8,0
6,75154.0,79,3,2
6,47025.0,52,6,1
1,37971.0,97,8,0
4,41335.0,24,7,0
3,67267.0,0,2,2
4,57338.0,96,5,2
2,50523.0,89,6,0
1,35791.0,94,8,0
4,50611.0,98,6,0
8,56242.0,72,6,1
7,48904.0,1,8,1
4,56243.0,26,5,0
2,21355.0,5,6,0
5,57420.0,22,7,1
4,46390.0,56,7,0
3,54342.0,74,6,0
2,20895.0,24,9,0
5,92344.0,9,1,2
1,26907.0,10,7,0
1,44964.0,35,8,0
8,75507.0,56,3,2
4,53761.0,7,5,0
2,22682.0,51,4,0
1,38887.0,17,7,0
1,41658.0,30,4,0
2,29791.0,21,5,0
6,63915.0,2,5,1
1,39996.0,85,6,0
2,26759.0,65,6,0
9,63841.0,64,6,1
6,51039.0,11,7,1
5,60544.0,92,6,1
9,65685.0,54,5,1
4,37716.0,4,7,0
5,36864.0,53,8,0
8,44511.0,39,8,1
3,36947.0,49,9,0
6,47352.0,70,7,1
7,67087.0,40,4,1
4,57045.0,40,3,2
3,36957.0,43,9,0
7,69389.0,17,4,1
5,80134.0,40,6,1
1,43142.0,84,7,0
5,80589.0,25,1,2
5,34412.0,62,9,0
4,57537.0,83,4,2
2,22634.0,47,8,0
2,51315.0,45,2,2
2,36026.0,34,6,0
2,24639.0,3,6,0
1,34578.0,1,6,0
2,65704.0,18,1,2
4,63810.0,45,8,0
1,54132.0,81,7,0
1,18690.0,77,8,0
2,28164.0,23,7,0
1,34596.0,48,8,0
1,43269.0,61,8,0
2,38741.0,60,7,0
6,31907.0,75,7,1
1,27100.0,64,7,0
1,31163.0,54,6,0
6,92533.0,84,2,2
2,34853.0,75,6,0
6,70844.0,16,7,1
1,31086.0,79,8,0
5,60544.0,92,6,1
0,20491.0,16,7,0
1,42523.0,96,2,2
3,39922.0,30,8,0
2,33402.0,60,8,0
1,36408.0,11,6,0
3,21645.0,75,9,0
3,78427.0,36,3,2
7,82657.0,71,4,2
2,51876.0,88,1,2
4,78041.0,93,2,2
10,52852.0,93,8,1
4,70038.0,54,2,2
4,69401.0,41,2,2
3,46053.0,46,5,0
3,77343.0,28,1,2
3,73892.0,40,1,2
2,40304.0,82,7,0
7,32727.0,38,8,1
4,68695.0,3,2,2
4,43300.0,87,8,0
2,26290.0,49,6,0
6,93790.0,16,2,2
5,38410.0,65,6,0
7,64866.0,9,5,1
4,57957.0,24,3,2
1,46015.0,25,7,0
3,16531.0,43,7,0
1,28072.0,10,7,0
2,49476.0,29,2,2
8,50725.0,45,8,1
4,83844.0,57,1,2
0,41145.0,20,3,0
9,67419.0,29,5,1
1,23162.0,82,6,0
4,34380.0,68,8,0
1,34704.0,65,5,0
8,94871.0,99,7,1
6,65148.0,9,4,1
3,39898.0,20,7,0
7,64857.0,78,4,1
2,59892.0,26,3,2
3,41020.0,68,3,2
7,57072.0,79,5,1
10,60474.0,25,7,1
5,62807.0,83,5,2
1,19414.0,32,8,0
1,19107.0,49,7,0
7,75484.0,50,4,1
6,70379.0,84,4,2
4,79419.0,96,2,2
8,64014.0,56,7,1
11,76998.0,85,6,1
6,49854.0,63,6,1
7,60585.0,17,5,1
6,42873.0,11,8,1
7,87679.0,62,4,2
7,57867.0,48,6,1
2,35765.0,86,6,0
4,65492.0,73,2,2
2,32952.0,36,7,0
4,53374.0,34,9,0
9,71706.0,16,5,1
9,68487.0,48,4,1
4,53253.0,61,5,0
1,31163.0,54,6,0
7,42014.0,56,8,1
8,54108.0,74,8,1
5,49667.0,35,8,1
4,63206.0,65,2,2
5,57136.0,48,6,1
11,46772.0,88,8,1
2,78931.0,19,1,2
5,53977.0,21,5,1
3,84219.0,27,1,2
3,46098.0,86,8,0
10,73538.0,92,7,1
4,79529.0,1,2,2
3,20981.0,14,8,0
4,51766.0,74,5,0
10,55759.0,84,8,1
2,33039.0,4,5,0
3,37787.0,50,8,0
2,27242.0,2,9,0
10,87188.0,73,3,1
4,69930.0,21,3,2
2,37697.0,82,6,0
2,37401.0,14,7,0
0,3502.0,56,14,0
7,58597.0,20,7,1
4,82032.0,54,1,2
2,28087.0,77,7,0
4,74004.0,5,3,2
1,19740.0,65,5,0
6,57036.0,33,9,1
5,53083.0,65,7,1
7,69283.0,41,5,1
3,46098.0,86,8,0
3,23331.0,92,8,0
5,23331.0,97,9,0
1,9255.0,91,8,0
3,67786.0,0,1,2
3,71969.0,59,8,0
11,59235.0,4,7,1
3,31928.0,5,7,0
9,74881.0,48,5,1
5,65819.0,99,3,2
0,51411.0,81,5,0
9,51983.0,95,7,1
3,42386.0,43,8,0
2,30390.0,5,6,0
4,30983.0,50,8,0
8,66033.0,76,7,1
0,37284.0,46,6,0
1,57530.0,68,1,2
4,76800.0,33,1,2
6,63943.0,50,5,1
4,76081.0,85,2,2
9,67445.0,63,6,1
1,37054.0,89,7,0
4,47175.0,81,8,0
1,31859.0,77,7,0
2,27215.0,50,6,0
7,70179.0,10,5,1
3,39922.0,30,8,0
7,49681.0,66,7,1
1,24645.0,16,8,0
5,79865.0,12,1,2
3,44322.0,30,8,0
6,47958.0,8,5,1
5,63972.0,93,4,2
5,75315.0,14,2,2
11,55517.0,53,9,1
6,75283.0,26,4,2
7,82800.0,23,3,2
2,38998.0,92,8,0
3,90638.0,29,1,2
1,27161.0,41,7,0
7,42014.0,56,8,1
5,38201.0,19,8,0
3,45203.0,4,6,0
4,81574.0,89,1,2
2,34935.0,71,7,0
7,60482.0,81,7,1
1,34633.0,31,6,0
4,78093.0,53,1,2
5,82460.0,78,1,2
2,45903.0,80,4,0
3,81361.0,18,1,2
1,35860.0,37,5,0
3,40442.0,52,7,0
3,61482.0,39,2,2
3,34968.0,11,7,0
7,75794.0,33,3,2
3,31497.0,22,8,0
4,74268.0,83,2,2
2,13724.0,43,9,0
6,45143.0,74,7,1
2,52569.0,54,3,2
7,48432.0,3,8,1
3,17144.0,96,7,0
7,36108.0,68,9,1
2,76445.0,2,6,0
1,36663.0,40,2,2
8,53843.0,64,7,1
4,90226.0,26,2,2
4,70638.0,69,3,2
1,44512.0,57,4,0
2,27116.0,78,7,0
2,54072.0,71,8,0
5,71855.0,59,3,2
10,51250.0,28,9,1
7,60432.0,61,6,1
4,65526.0,22,2,2
4,68655.0,95,3,2
2,12393.0,38,9,0
6,64509.0,19,4,1
5,33955.0,92,8,0
1,31353.0,24,8,0
5,55434.0,21,4,2
1,28359.0,35,7,0
3,57100.0,9,3,2
4,69139.0,23,4,2
9,52973.0,92,8,1
3,51717.0,55,7,0
2,18793.0,14,8,0
5,66664.0,78,3,2
8,50664.0,64,9,1
3,54414.0,49,4,2
5,54549.0,8,7,1
3,47111.0,35,9,0
6,41003.0,11,6,1
4,19444.0,8,7,0
3,36301.0,53,7,0
9,73059.0,36,4,1
4,42731.0,64,5,0
2,52854.0,43,5,0
1,22775.0,40,8,0
4,46681.0,52,5,0
11,59821.0,11,8,1
8,50002.0,21,7,1
3,69755.0,23,1,2
2,44078.0,17,5,0
1,30560.0,6,7,0
1,35924.0,56,5,0
2,64140.0,71,5,2
9,56386.0,51,9,1
1,24594.0,94,5,0
7,75774.0,27,4,1
0,39228.0,1,4,0
6,58494.0,56,6,1
5,58684.0,71,2,2
7,57136.0,18,6,1
2,56551.0,48,4,2
2,22448.0,86,3,0
3,82014.0,48,6,2
3,34213.0,2,9,0
0,157146.0,13,1,2
1,25358.0,57,6,0
2,35544.0,77,7,0
5,36634.0,0,7,0
5,62670.0,57,3,2
7,50334.0,24,6,1
4,72066.0,55,2,2
6,50729.0,62,6,1
5,34916.0,89,9,0
6,64892.0,77,4,2
3,43602.0,45,6,0
1,33996.0,46,4,0
2,41473.0,80,7,0
6,63246.0,60,4,2
1,36732.0,71,2,2
7,69084.0,43,8,1
11,77766.0,97,6,1
4,37929.0,49,7,0
5,86610.0,66,2,2
7,80141.0,20,6,1
6,72635.0,54,3,2
8,69016.0,61,5,1
1,20193.0,18,4,0
5,27573.0,45,8,0
1,15862.0,26,8,0
5,49544.0,0,7,1
2,33228.0,28,7,0
5,70440.0,49,3,2
3,38232.0,84,5,0
2,22554.0,38,5,0
0,23536.0,53,3,0
4,49413.0,88,5,0
1,42231.0,99,5,0
4,78789.0,12,2,2
10,56534.0,35,8,1
8,58350.0,5,6,1
3,81217.0,77,1,2
7,49090.0,45,7,1
8,61787.0,71,5,1
1,18169.0,40,8,0
1,24336.0,82,7,0
2,18222.0,70,8,0
3,62335.0,87,2,2
1,42033.0,95,7,0
4,86580.0,72,1,2
1,41437.0,5,7,0
9,73705.0,86,5,1
8,61064.0,80,6,1
3,38452.0,62,7,0
3,18358.0,49,7,0
8,55012.0,85,5,1
3,9722.0,7,8,0
3,38175.0,6,7,0
7,58656.0,25,6,1
5,52117.0,55,7,1
7,64813.0,81,5,1
3,54222.0,98,3,2
4,83512.0,31,1,2
8,77520.0,30,4,1
1,41154.0,98,5,0
5,80398.0,92,3,2
3,18746.0,41,6,0
6,35196.0,68,8,1
6,60230.0,78,5,1
2,22108.0,46,7,0
4,44392.0,71,7,0
7,55424.0,6,6,1
1,17688.0,82,8,0
7,92491.0,71,3,2
5,90273.0,32,2,2
6,82571.0,28,2,2
6,38513.0,20,8,1
2,16653.0,10,6,0
4,42586.0,7,8,0
1,23529.0,67,6,0
9,74881.0,48,5,1
7,71107.0,61,4,1
2,46910.0,36,6,0
1,18690.0,77,8,0
1,37244.0,90,7,0
3,82427.0,35,1,2
5,75342.0,38,4,2
7,70044.0,46,5,1
8,79146.0,33,6,1
4,77437.0,70,1,2
6,54984.0,51,7,1
1,42403.0,18,8,0
4,55761.0,97,6,0
6,37292.0,32,8,1
3,45576.0,9,8,0
6,70321.0,6,4,1
11,58086.0,80,8,1
4,81795.0,74,2,2
1,28389.0,49,7,0
6,66835.0,21,2,2
7,69901.0,95,5,1
4,80360.0,56,2,2
8,63342.0,48,6,1
5,44989.0,26,6,1
1,31859.0,3,7,0
7,51569.0,39,8,1
2,30372.0,33,7,0
1,16014.0,42,3,0
2,41120.0,80,6,0
5,39763.0,9,9,0
1,38725.0,52,4,0
7,77981.0,78,5,1
7,62905.0,68,4,1
2,13533.0,45,7,0
3,59481.0,47,2,2
9,72117.0,34,5,1
2,21955.0,81,6,0
9,67131.0,72,6,1
1,36802.0,23,5,0
2,71853.0,29,1,2
2,28249.0,80,6,0
3,47808.0,30,7,0
3,25509.0,15,9,0
4,51012.0,86,6,0
3,70596.0,68,2,2
2,85431.0,54,0,2
1,42664.0,44,6,0
4,42586.0,7,8,0
3,29760.0,87,8,0
5,28973.0,59,8,0
3,39435.0,16,7,0
2,65370.0,1,1,2
2,20194.0,64,6,0
2,42473.0,72,5,0
9,64590.0,98,6,1
11,71232.0,91,7,1
5,34600.0,8,8,0
5,46904.0,20,8,0
6,49094.0,6,6,1
2,36075.0,54,6,0
2,60839.0,72,8,0
6,77298.0,46,3,2
2,34026.0,11,5,0
1,48918.0,21,4,0
3,82122.0,89,1,2
2,37697.0,82,6,0
3,34074.0,69,6,0
1,28520.0,55,6,0
3,62535.0,13,3,2
3,36273.0,80,6,0
6,63404.0,97,4,2
7,75774.0,27,4,1
7,78416.0,99,3,2
10,75702.0,87,6,1
3,59385.0,85,5,2
5,37070.0,30,7,0
1,44689.0,82,7,0
5,53977.0,21,5,1
23,7144.0,92,0,1
2,18701.0,95,5,0
4,90369.0,2,1,2
3,63159.0,74,3,2
1,37758.0,49,8,0
4,46757.0,71,9,0
4,79734.0,72,1,2
2,63207.0,68,7,0
5,72071.0,4,2,2
1,21840.0,80,9,0
9,58582.0,15,5,1
5,72282.0,70,7,1
6,50387.0,91,5,1
1,32583.0,10,7,0
5,62568.0,99,4,2
2,44635.0,25,7,0
2,33316.0,34,6,0
4,63967.0,57,2,2
9,52513.0,84,7,1
1,25293.0,51,8,0
5,54111.0,97,5,1
4,78394.0,13,2,2
3,80739.0,92,1,2
4,22669.0,30,9,0
4,29236.0,30,9,0
4,44911.0,11,7,0
6,54693.0,72,6,1
4,48186.0,39,7,0
2,54809.0,0,4,2
2,41580.0,15,5,0
2,80336.0,12,1,2
4,47743.0,56,6,0
7,62972.0,39,6,1
8,57333.0,55,6,1
4,32313.0,60,9,0
3,84953.0,73,2,2
2,27071.0,90,6,0
4,68148.0,86,2,2
6,65735.0,37,7,1
6,86836.0,7,5,1
0,4023.0,29,19,0
2,30093.0,19,7,0
8,57705.0,14,6,1
1,25008.0,72,8,0
5,83257.0,56,6,1
1,22280.0,85,8,0
4,72159.0,62,2,2
4,64260.0,1,3,2
8,82733.0,28,4,1
10,74290.0,70,6,1
2,58217.0,84,6,0
2,21024.0,89,7,0
2,70116.0,73,1,2
8,54006.0,42,7,1
5,69063.0,16,3,2
1,11448.0,16,6,0
4,61825.0,56,4,2
5,70886.0,65,2,2
6,69109.0,10,4,1
8,60208.0,13,7,1
2,32889.0,78,5,0
1,34738.0,51,6,0
9,30538.0,27,10,1
5,82326.0,30,2,2
2,26642.0,71,6,0
7,69932.0,97,4,1
2,44503.0,83,6,0
6,60200.0,3,6,1
1,49638.0,71,2,2
1,23830.0,3,7,0
9,33051.0,15,9,1
3,72905.0,52,1,2
7,69702.0,8,4,1
5,70300.0,89,8,1
5,70643.0,66,6,1
1,30396.0,22,7,0
4,50616.0,56,7,0
5,62772.0,74,2,2
1,30298.0,48,3,0
7,52413.0,67,7,1
1,44155.0,24,4,0
5,86979.0,67,2,2
9,76532.0,38,5,1
6,42081.0,86,6,1
4,67546.0,90,3,2
4,88420.0,87,1,2
2,31158.0,62,8,0
10,61671.0,23,8,1
2,69719.0,99,1,2
3,49160.0,29,6,0
1,24882.0,52,6,0
4,90933.0,90,1,2
27,113734.0,9,1,1
3,59292.0,71,3,2
2,45759.0,13,7,0
1,22148.0,16,7,0
4,73395.0,94,2,2
3,29819.0,77,6,0
3,45688.0,20,4,0
3,62820.0,51,1,2
6,60491.0,81,5,1
3,33235.0,71,7,0
1,35701.0,36,6,0
1,31535.0,95,7,0
3,92556.0,32,0,2
7,67384.0,32,5,1
4,80573.0,85,2,2
5,77870.0,93,8,1
10,52278.0,24,8,1
4,57107.0,44,8,0
1,18929.0,15,6,0
3,36038.0,82,6,0
2,20180.0,27,7,0
1,34230.0,72,7,0
1,31878.0,7,3,0
6,70932.0,57,3,2
7,91249.0,84,4,2
7,77598.0,53,3,2
11,80982.0,48,5,1
1,22701.0,2,5,0
4,55212.0,65,8,0
3,70617.0,45,2,2
9,64849.0,42,5,1
9,62694.0,29,7,1
2,61917.0,83,5,2
4,67472.0,93,3,2
3,21059.0,40,6,0
3,29543.0,47,7,0
6,75903.0,50,3,2
1,34984.0,40,7,0
4,54998.0,3,4,2
11,54356.0,62,8,1
0,34242.0,25,5,0
1,25410.0,48,4,0
5,73356.0,56,2,2
1,28320.0,68,8,0
1,23763.0,64,7,0
4,72570.0,67,1,2
2,34529.0,94,7,0
3,70792.0,82,3,2
3,63211.0,3,2,2
4,83891.0,24,1,2
3,36065.0,54,8,0
3,39898.0,20,7,0
3,51141.0,96,5,0
3,56939.0,19,3,2
4,80872.0,60,1,2
10,72335.0,2,8,1
4,61798.0,13,4,2
1,76842.0,37,0,2
1,29478.0,59,6,0
5,46998.0,55,7,1
6,96843.0,60,2,2
2,56551.0,48,4,2
8,70053.0,38,5,1
5,71670.0,8,6,1
2,44359.0,19,3,2
3,40887.0,32,9,0
3,48877.0,27,7,0
6,74485.0,58,3,2
8,64474.0,59,5,1
6,77226.0,29,3,2
3,72643.0,60,2,2
3,85738.0,41,1,2
6,55686.0,27,4,1
1,39062.0,28,4,0
5,34600.0,8,8,0
6,40794.0,18,7,1
3,54690.0,76,3,2
25,4428.0,0,1,1
4,32632.0,32,5,0
3,38236.0,2,7,0
2,36781.0,16,8,0
1,31385.0,56,8,0
4,24570.0,97,9,0
3,25509.0,15,9,0
5,94642.0,35,1,2
2,58646.0,3,4,2
6,53201.0,49,7,1
0,21994.0,4,5,0
4,57113.0,45,7,0
3,51373.0,37,4,2
3,23477.0,39,8,0
3,58116.0,38,2,2
5,72968.0,8,3,2
3,39791.0,89,7,0
9,91712.0,47,3,1
5,94472.0,75,5,2
1,13672.0,86,8,0
7,96547.0,4,2,2
6,79205.0,73,4,2
4,56559.0,46,4,2
7,32644.0,38,8,1
4,67506.0,73,3,2
1,24206.0,66,6,0
1,28420.0,36,6,0
3,22979.0,29,8,0
0,33279.0,29,3,0
2,46423.0,6,7,0
2,30368.0,97,8,0
8,63684.0,61,5,1
5,41638.0,68,8,0
3,68805.0,73,2,2
8,65814.0,90,5,1
5,71964.0,81,3,2
4,39146.0,1,8,0
7,96876.0,79,2,2
11,34445.0,92,9,1
2,68281.0,31,5,2
0,37284.0,46,6,0
2,36790.0,14,9,0
2,27943.0,89,8,0
1,22263.0,31,6,0
0,30261.0,75,8,0
2,28587.0,42,6,0
2,43815.0,53,6,0
4,48195.0,53,6,0
8,77027.0,23,4,1
8,71322.0,57,4,1
2,32765.0,49,5,0
0,29672.0,6,6,0
1,23272.0,29,4,0
10,49912.0,5,8,1
2,7500.0,98,9,0
11,68117.0,80,6,1
7,67225.0,4,5,1
3,17649.0,70,8,0
11,55914.0,32,7,1
6,40059.0,82,8,1
3,60905.0,27,2,2
10,75330.0,94,6,1
4,60689.0,23,3,2
2,38680.0,97,7,0
10,61416.0,25,6,1
5,49767.0,92,4,2
4,83273.0,98,7,1
2,29009.0,19,6,0
2,45057.0,80,5,0
4,37150.0,80,7,0
4,43020.0,79,6,0
3,53154.0,50,4,2
7,65308.0,60,4,1
2,76467.0,44,6,2
5,81044.0,0,1,2
1,32871.0,28,4,0
7,55801.0,35,7,1
6,76320.0,49,2,2
3,36927.0,46,8,0
1,48794.0,97,4,0
3,23478.0,51,8,0
2,71128.0,80,7,0
7,70179.0,10,5,1
9,59462.0,29,7,1
3,38361.0,74,7,0
4,70038.0,54,2,2
2,42554.0,93,4,0
9,67445.0,63,6,1
4,67046.0,92,2,2
2,42192.0,40,4,0
4,77610.0,70,7,1
3,31761.0,96,5,0
1,34350.0,81,7,0
6,54591.0,63,5,1
6,71866.0,85,3,2
1,25293.0,51,8,0
5,42000.0,23,5,1
9,69520.0,95,5,1
5,64713.0,11,4,2
1,27889.0,42,6,0
2,22123.0,77,5,0
3,27803.0,40,8,0
6,51651.0,32,8,1
9,68487.0,48,4,1
8,56796.0,24,7,1
4,87000.0,61,2,2
6,79823.0,6,2,2
1,30828.0,16,3,0
0,34109.0,39,4,0
5,53367.0,2,7,1
1,22390.0,49,7,0
4,71322.0,31,2,2
10,49912.0,5,8,1
1,48699.0,90,5,0
3,80144.0,47,1,2
4,54252.0,25,6,0
4,81929.0,60,6,2
2,76068.0,67,6,2
1,53204.0,40,4,0
6,67911.0,63,3,2
1,14796.0,1,9,0
8,78128.0,89,3,2
2,14188.0,40,6,0
2,20425.0,5,7,0
2,58646.0,3,4,2
7,72967.0,1,5,1
5,48150.0,24,7,1
5,82332.0,89,2,2
8,58275.0,48,7,1
7,44953.0,31,6,1
1,34587.0,68,4,0
2,43018.0,46,5,0
7,45736.0,92,7,1
6,66476.0,80,4,2
2,27733.0,16,7,0
6,69805.0,50,2,2
3,72217.0,93,2,2
0,25818.0,51,7,0
3,37509.0,24,7,0
1,25176.0,79,7,0
3,43586.0,26,8,0
5,53230.0,86,5,1
1,50116.0,68,5,0
5,84906.0,98,2,2
7,61286.0,34,5,1
4,82333.0,60,2,2
8,65220.0,3,6,1
1,33590.0,65,7,0
1,30992.0,83,7,0
5,72309.0,64,3,2
0,156924.0,85,0,2
2,16005.0,69,8,0
8,58692.0,21,7,1
3,40590.0,30,6,0
1,20587.0,39,7,0
2,62637.0,76,2,2
3,29435.0,11,9,0
1,19346.0,26,8,0
2,35788.0,34,6,0
2,36997.0,72,5,0
2,23539.0,13,6,0
9,65333.0,58,6,1
11,78499.0,12,4,1
2,29732.0,23,9,0
3,41275.0,33,5,0
4,63516.0,30,5,2
1,42769.0,15,4,0
2,49572.0,25,7,0
5,69209.0,4,4,2
3,17148.0,80,8,0
3,40590.0,30,6,0
1,30560.0,6,7,0
2,32146.0,16,6,0
3,41713.0,57,6,0
1,34176.0,9,3,0
7,58482.0,59,6,1
4,59686.0,78,4,2
9,60896.0,90,6,1
6,62994.0,74,6,1
5,47320.0,10,6,1
6,74859.0,63,3,2
1,15253.0,13,7,0
2,31560.0,98,8,0
5,72071.0,4,2,2
4,91172.0,94,3,2
4,90000.0,91,1,2
1,41967.0,66,4,0
9,69263.0,14,6,1
11,65706.0,77,7,1
6,60934.0,41,4,1
6,71965.0,21,3,2
9,65210.0,25,6,1
5,79174.0,2,2,2
4,81380.0,51,2,2
7,52914.0,32,7,1
3,38946.0,84,5,0
3,26067.0,49,8,0
8,44325.0,69,8,1
1,42523.0,96,2,2
2,26487.0,23,5,0
1,53233.0,18,4,0
7,67716.0,8,5,1
8,76234.0,21,3,1
7,84117.0,60,2,2
3,65487.0,48,2,2
1,25224.0,36,3,0
7,89616.0,36,2,2
1,40851.0,63,7,0
0,27469.0,2,6,0
7,82347.0,38,3,2
9,73803.0,61,6,1
3,8820.0,52,8,0
3,43322.0,25,7,0
6,55593.0,63,6,1
5,50501.0,10,6,1
3,37085.0,65,8,0
2,16185.0,71,8,0
8,57731.0,0,6,1
5,73807.0,88,2,2
1,18929.0,15,6,0
3,35893.0,80,8,0
9,61014.0,17,7,1
2,32144.0,76,7,0
1,14918.0,52,6,0
1,45146.0,28,4,0
8,41769.0,31,8,1
6,88325.0,42,2,2
2,38054.0,24,7,0
4,80617.0,42,2,2
1,5305.0,12,13,0
1,36807.0,88,6,0
2,28427.0,67,8,0
4,82032.0,54,1,2
1,22775.0,40,8,0
6,40101.0,73,7,1
3,58025.0,81,4,2
3,75777.0,12,1,2
3,7500.0,7,7,0
2,33562.0,33,4,0
7,57642.0,24,4,1
8,58554.0,55,7,1
11,63777.0,87,8,1
4,57967.0,39,5,2
2,24434.0,9,7,0
3,11012.0,82,9,0
9,44802.0,71,8,1
0,26816.0,50,4,0
3,666666.0,23,6,2
1,34421.0,81,7,0
9,61223.0,46,5,1
8,64014.0,56,7,1
2,56981.0,91,6,0
6,69245.0,8,3,2
3,52869.0,40,7,0
