Marital_Status,Recency,Kidhome,Response,NumWebPurchases,Income,MntWines,NumCatalogPurchases,cluster_kmeans
Single,58,0,1,8,58138.0,635,10,1
Single,38,1,0,1,46344.0,11,1,0
Partner,26,0,0,8,71613.0,426,2,1
Partner,26,1,0,2,26646.0,11,0,0
Partner,94,1,0,5,58293.0,173,3,0
Partner,16,0,0,6,62513.0,520,4,1
Single,34,0,0,7,55635.0,235,3,2
Partner,32,1,0,4,33454.0,76,0,0
Partner,19,1,1,3,30351.0,14,0,0
Partner,68,1,0,1,5648.0,28,0,0
Partner,59,0,0,2,7500.0,6,0,2
Single,82,0,0,3,63033.0,194,4,2
Single,53,1,0,6,59354.0,233,1,0
Partner,38,0,0,1,17323.0,3,0,2
Single,23,0,1,7,82800.0,1006,6,1
Partner,51,1,0,3,41850.0,53,0,0
Partner,20,0,0,4,37760.0,84,1,2
Partner,91,0,0,11,76995.0,1012,4,1
Single,86,1,0,2,33812.0,4,1,0
Partner,41,0,0,4,37040.0,86,2,2
Partner,42,1,0,0,2447.0,1,28,1
Partner,63,0,0,2,58607.0,867,3,1
Partner,0,0,0,6,65324.0,384,2,2
Partner,69,0,0,7,40689.0,270,1,2
Single,89,0,0,2,18589.0,6,1,2
Partner,4,1,0,5,53359.0,173,1,0
Partner,26,1,0,2,38360.0,36,1,0
Partner,96,0,0,6,84618.0,684,9,1
Single,34,0,0,3,10979.0,8,0,2
Partner,56,0,0,2,38620.0,112,5,2
Partner,31,0,0,2,40548.0,110,1,2
Single,8,0,1,4,46610.0,96,1,2
Partner,4,0,0,3,68657.0,482,5,1
Single,55,1,0,2,49389.0,40,0,0
Partner,37,0,0,5,67353.0,702,6,1
Partner,76,1,0,3,23718.0,6,1,0
Single,99,0,0,1,42429.0,55,1,2
Single,53,0,1,7,48948.0,437,10,1
Partner,3,0,0,8,80011.0,421,6,1
Partner,88,1,0,2,20559.0,13,0,0
Partner,4,0,0,0,21994.0,9,0,2
Partner,19,1,0,2,7500.0,3,0,0
Single,72,0,0,2,79941.0,123,4,2
Partner,24,0,1,3,7500.0,3,1,2
Partner,92,1,0,2,41728.0,13,0,0
Partner,39,1,0,5,72550.0,826,2,1
Single,29,0,0,4,65486.0,245,2,2
Partner,2,0,0,6,79143.0,650,9,1
Single,54,1,0,2,35790.0,12,0,0
Single,54,0,1,4,82582.0,510,9,1
Partner,57,1,0,4,66373.0,328,2,0
Partner,55,0,1,3,82384.0,984,10,1
Single,30,0,1,5,70287.0,295,5,1
Single,31,1,0,1,27938.0,13,0,0
Partner,63,0,0,8,55954.0,447,2,1
Single,12,0,1,3,75777.0,712,6,1
Partner,18,1,0,4,66653.0,452,2,0
Single,26,0,0,8,61823.0,523,2,1
Single,8,0,0,7,67680.0,546,3,1
Partner,29,0,0,7,70666.0,398,4,1
Partner,75,1,1,1,25721.0,1,1,0
Partner,0,1,0,1,32474.0,10,0,0
Single,19,0,1,11,88194.0,688,10,1
Partner,4,0,0,5,69096.0,247,2,2
Partner,90,1,0,2,74854.0,856,5,1
Partner,1,0,0,4,66991.0,496,8,1
Partner,29,0,0,10,65031.0,258,3,1
Partner,88,1,0,9,60631.0,565,2,1
Partner,58,0,0,2,28332.0,14,1,2
Single,68,1,0,1,40246.0,2,0,0
Partner,34,0,1,7,75251.0,721,6,1
Single,40,0,1,5,75825.0,1032,8,1
Partner,12,0,0,0,26326.0,1,0,2
Partner,9,0,1,10,56046.0,577,1,1
Single,87,1,0,3,29760.0,64,1,0
Partner,5,1,0,1,26304.0,4,0,0
Partner,87,1,0,3,23559.0,25,0,0
Partner,56,0,0,2,38620.0,112,5,2
Single,18,0,0,3,81361.0,163,10,1
Partner,95,1,0,1,29440.0,17,0,0
Partner,48,1,0,3,36138.0,130,1,0
Single,3,0,1,6,50388.0,292,1,2
Partner,70,0,0,5,79593.0,350,6,1
Partner,79,0,0,2,54178.0,135,2,2
Single,69,1,0,1,42394.0,15,0,0
Partner,84,1,0,3,23626.0,27,1,0
Partner,30,1,0,2,30096.0,5,0,0
Single,72,0,0,7,47916.0,505,4,1
Single,37,1,0,2,51813.0,51,0,0
Partner,44,0,0,5,78497.0,207,7,1
Partner,32,0,0,5,50150.0,135,2,2
Single,0,0,0,2,47823.0,53,0,2
Single,43,0,0,2,34554.0,41,0,2
Partner,59,0,0,9,85693.0,386,5,1
Partner,68,0,0,6,65846.0,562,3,1
Partner,35,0,1,3,87195.0,217,11,1
Partner,94,1,0,1,24594.0,1,0,0
Partner,15,1,0,4,49096.0,144,1,0
Partner,56,0,0,6,52413.0,295,4,2
Single,17,1,0,3,38557.0,76,1,0
Partner,18,0,0,5,89058.0,454,4,1
Partner,46,0,0,6,77298.0,425,6,1
Single,40,0,1,7,68126.0,1332,4,1
Partner,27,0,0,8,57288.0,527,1,1
Single,95,0,1,6,86037.0,490,7,1
Partner,19,1,0,6,43974.0,378,4,0
Single,27,1,0,2,50785.0,64,1,0
Partner,25,0,0,4,90765.0,547,6,1
Partner,74,1,0,9,36550.0,47,1,0
Partner,85,1,0,1,30753.0,12,1,0
Partner,37,1,0,2,21918.0,1,0,0
Partner,65,0,0,6,56129.0,320,2,2
Single,13,1,1,2,32557.0,34,1,0
Partner,63,2,0,1,19510.0,9,0,0
Single,83,1,0,1,30992.0,17,0,0
Single,69,0,1,6,101970.0,722,8,1
Partner,87,0,0,3,71488.0,162,4,2
Single,37,0,1,3,79607.0,450,6,1
Partner,51,1,0,2,54348.0,70,0,0
Partner,72,1,0,6,77376.0,492,3,1
Partner,10,0,0,5,62998.0,120,4,2
Alone,42,1,0,11,61331.0,534,1,1
Partner,10,0,0,7,73448.0,236,2,2
Partner,51,1,0,5,41551.0,220,1,0
Partner,21,0,0,4,62981.0,796,5,1
Single,31,1,0,1,9548.0,0,0,0
Partner,61,2,0,2,33762.0,53,2,0
Alone,37,1,1,1,35860.0,15,1,0
Single,74,1,0,2,36921.0,17,0,0
Single,46,0,0,5,92859.0,962,4,1
Partner,4,0,1,3,65104.0,738,5,1
Partner,73,0,0,5,86111.0,399,7,1
Single,47,0,0,8,68352.0,614,5,1
Partner,13,1,0,4,41883.0,32,2,0
Partner,36,0,0,3,59809.0,598,3,1
Partner,47,1,1,2,23957.0,2,0,0
Partner,49,1,0,1,38547.0,6,0,0
Partner,94,2,0,4,35688.0,73,1,0
Partner,65,0,0,2,49605.0,42,1,2
Partner,59,0,0,4,59354.0,295,4,2
Partner,96,0,0,8,65747.0,346,1,1
Partner,28,0,0,7,46344.0,233,1,2
Alone,12,1,0,3,34176.0,5,0,0
Partner,57,0,0,8,61010.0,888,5,1
Partner,10,0,1,10,69372.0,997,4,1
Single,4,0,0,6,49967.0,212,1,2
Single,49,1,0,0,60199.0,8,0,0
Partner,3,0,0,1,55375.0,42,1,2
Single,64,0,0,3,80317.0,536,4,1
Single,0,2,0,1,30523.0,5,0,0
Partner,20,0,0,10,70356.0,1349,6,1
Partner,91,1,0,3,23228.0,53,0,0
Single,9,0,0,5,74165.0,1001,4,1
Partner,98,0,0,0,157243.0,20,22,1
Partner,83,2,0,2,43482.0,18,0,0
Single,27,0,0,6,62551.0,125,7,1
Single,63,0,0,3,52332.0,212,2,2
Single,46,0,0,3,66951.0,277,4,2
Partner,84,1,0,2,26091.0,15,1,0
Partner,58,1,0,1,33456.0,7,0,0
Partner,78,1,0,2,28718.0,12,0,0
Partner,4,2,0,3,50447.0,85,1,0
Partner,17,1,0,2,53537.0,81,1,0
Single,77,0,0,2,52074.0,59,2,2
Partner,56,0,0,11,80427.0,1149,8,1
Partner,79,0,1,9,83837.0,847,10,1
Partner,90,1,0,2,38853.0,29,0,0
Partner,96,2,0,0,38285.0,2,0,0
Partner,44,0,0,5,78497.0,207,7,1
Partner,81,0,0,4,51650.0,152,1,2
Partner,77,1,0,2,16248.0,12,1,0
Partner,21,0,0,6,66835.0,620,4,1
Partner,16,1,0,1,30477.0,47,1,0
Partner,80,0,0,2,28249.0,1,0,2
Partner,45,1,0,1,25271.0,10,1,0
Single,63,0,0,1,32303.0,35,0,2
Partner,34,0,0,7,61286.0,356,1,2
Partner,14,0,0,4,74068.0,783,10,1
Partner,13,1,0,2,45759.0,42,0,0
Partner,52,1,0,1,24882.0,1,1,0
Partner,98,0,0,8,66973.0,466,7,1
Single,99,1,0,2,36640.0,15,1,0
Partner,93,1,0,3,38872.0,23,0,0
Partner,38,1,0,5,51148.0,235,1,0
Partner,24,1,0,1,31353.0,10,1,0
Partner,80,0,0,7,69661.0,656,3,1
Partner,82,0,0,4,80067.0,519,6,1
Partner,20,0,0,5,86718.0,344,6,1
Single,81,1,1,5,46854.0,96,1,0
Single,50,0,0,8,69142.0,448,1,1
Single,60,0,0,4,75922.0,265,4,1
Single,63,0,0,11,63693.0,587,6,1
Partner,54,0,1,7,102160.0,763,9,1
Single,72,1,0,1,40637.0,22,0,0
Single,5,0,1,0,18890.0,6,1,2
Partner,88,1,0,1,29604.0,7,0,0
Single,50,1,0,4,48721.0,81,2,0
Partner,99,0,0,2,44794.0,54,0,2
Single,17,0,1,11,64497.0,1170,4,1
Partner,11,0,0,3,46097.0,72,1,2
Partner,18,0,0,4,77972.0,613,6,1
Partner,70,1,0,5,44377.0,224,1,0
Partner,21,1,0,7,46014.0,410,1,0
Partner,66,0,0,3,70951.0,239,4,2
Partner,79,1,0,8,41443.0,171,1,0
Single,2,2,0,1,52195.0,12,0,0
Partner,81,0,0,8,83790.0,1076,10,1
Single,24,0,0,4,44551.0,182,1,2
Partner,48,1,0,11,69508.0,824,4,1
Partner,93,1,0,1,45204.0,30,1,0
Partner,56,0,0,3,72460.0,377,5,1
Partner,3,0,0,6,77622.0,520,3,1
Partner,44,1,0,4,30732.0,155,1,0
Single,38,0,0,9,63887.0,897,6,1
Partner,46,1,0,3,42011.0,131,1,0
Partner,84,0,0,8,51369.0,297,2,2
Single,27,0,0,2,51537.0,787,2,2
Partner,72,0,0,3,79930.0,792,5,1
Partner,66,1,0,1,34320.0,4,0,0
Single,30,1,1,5,37070.0,231,1,0
Single,2,0,0,6,81975.0,983,3,1
Partner,65,1,0,1,38590.0,3,0,0
Single,37,0,0,1,15033.0,0,0,2
Partner,89,0,0,7,62745.0,562,8,1
Partner,49,1,0,2,22212.0,5,0,0
Partner,46,1,0,1,23661.0,18,0,0
Single,32,0,0,5,79761.0,415,2,1
Single,54,1,0,3,7500.0,5,1,0
Single,23,0,0,1,60182.0,8,0,2
Single,98,0,0,6,73455.0,901,5,1
Partner,97,0,0,6,64961.0,382,4,1
Single,75,1,0,2,22804.0,14,0,0
Partner,8,0,1,3,73687.0,559,9,1
Partner,37,0,0,11,61074.0,789,5,1
Partner,31,1,0,1,31686.0,11,0,0
Partner,40,1,1,5,80134.0,1218,3,1
Partner,74,0,0,9,75027.0,925,4,1
Partner,90,0,0,4,67546.0,864,10,1
Partner,57,0,0,9,65176.0,960,6,1
Single,59,1,0,2,31160.0,16,0,0
Single,52,1,0,1,29938.0,3,0,0
Single,5,0,1,6,102692.0,168,9,1
Partner,92,0,0,3,26490.0,45,1,2
Partner,77,1,0,4,75702.0,650,6,1
Single,35,1,0,1,30899.0,24,0,0
Partner,48,0,0,8,63342.0,918,3,1
Single,97,0,0,3,45989.0,138,2,2
Single,95,1,0,2,18701.0,12,0,0
Single,24,2,0,1,40737.0,11,0,0
Single,60,1,1,1,15287.0,1,1,0
Single,46,0,0,10,69674.0,554,2,1
Partner,85,1,0,4,44159.0,167,1,0
Partner,31,1,0,1,37717.0,9,0,0
Partner,9,1,1,5,43776.0,177,2,0
Partner,30,1,0,3,38179.0,38,1,0
Partner,47,0,0,3,80124.0,483,7,1
Partner,70,1,1,3,38097.0,77,2,0
Partner,13,0,0,3,72940.0,182,3,2
Partner,11,1,0,2,22070.0,10,2,0
Single,31,0,1,3,69267.0,778,4,1
Single,15,1,0,3,31788.0,16,0,0
Partner,2,0,0,4,61905.0,167,2,2
Partner,55,1,0,2,29315.0,13,0,0
Single,38,1,0,2,33378.0,33,0,0
Partner,86,0,0,6,66313.0,625,3,1
Single,56,0,1,7,60714.0,216,4,1
Partner,29,0,0,3,77882.0,68,3,2
Single,30,0,1,3,69867.0,196,5,2
Single,64,0,0,9,63841.0,635,3,1
Partner,46,1,0,3,24480.0,4,0,0
Partner,84,0,0,8,51369.0,297,2,2
Partner,20,0,0,4,37760.0,84,1,2
Partner,74,0,0,5,65640.0,204,1,2
Partner,18,1,0,2,44319.0,26,0,0
Partner,75,1,0,3,30631.0,15,1,0
Partner,17,0,0,6,75278.0,304,3,1
Partner,88,1,0,6,50898.0,285,2,0
Single,19,0,0,5,79946.0,395,11,1
Single,62,0,0,7,35416.0,248,1,2
Partner,11,0,0,1,32414.0,20,0,2
Partner,74,1,0,3,38361.0,39,1,0
Partner,32,0,0,2,82497.0,777,7,1
Partner,76,2,0,3,16626.0,8,0,0
Partner,6,1,0,0,29672.0,9,0,0
Partner,62,0,0,3,55951.0,1241,6,1
Single,20,1,0,1,35388.0,6,0,0
Partner,43,1,0,3,42386.0,65,0,0
Single,45,0,0,2,68627.0,395,3,2
Single,34,0,0,8,57912.0,801,3,1
Single,53,1,0,3,35246.0,36,1,0
Partner,44,0,0,9,58821.0,513,2,1
Partner,89,1,0,2,46377.0,37,1,0
Single,43,1,0,5,39747.0,80,1,0
Partner,68,1,0,3,23976.0,14,1,0
Partner,44,0,0,6,80950.0,525,7,1
Single,64,0,1,3,27038.0,1,0,2
Single,85,0,0,2,77457.0,675,5,1
Partner,93,0,0,8,64100.0,509,3,1
Partner,12,0,0,4,42670.0,154,2,2
Single,86,1,0,3,12571.0,3,1,0
Partner,28,2,0,2,22574.0,25,0,0
Single,42,0,0,6,70893.0,768,6,1
Partner,13,1,0,3,54198.0,185,1,0
Partner,86,1,0,2,28839.0,24,0,0
Partner,59,1,0,3,40321.0,44,0,0
Single,30,1,0,4,66503.0,91,3,0
Partner,33,1,0,1,30833.0,11,0,0
Partner,23,0,0,3,64795.0,412,3,2
Partner,81,1,0,1,34421.0,3,0,0
Single,6,1,0,1,47025.0,16,0,0
Single,41,0,0,10,64325.0,731,3,1
Single,78,0,0,8,40464.0,424,2,2
Partner,49,0,0,4,62187.0,792,8,1
Single,39,1,0,2,14849.0,21,0,0
Partner,3,1,0,1,27255.0,22,0,0
Partner,37,2,0,1,54432.0,33,0,0
Single,22,1,0,3,29999.0,68,1,0
Single,79,1,0,1,24072.0,9,0,0
Single,46,0,0,1,33996.0,40,1,2
Partner,82,0,1,9,66334.0,909,3,1
Partner,10,1,1,1,35178.0,23,1,0
Partner,51,1,0,2,22010.0,11,0,0
Single,38,0,0,4,62204.0,317,5,1
Single,10,0,1,11,75693.0,797,4,1
Partner,14,1,0,1,30675.0,10,0,0
Partner,18,0,1,7,83003.0,856,6,1
Partner,36,0,0,4,83532.0,755,6,1
Single,95,0,0,4,68655.0,456,5,1
Single,11,0,0,2,41411.0,37,1,2
Partner,65,0,0,4,55212.0,1103,2,1
Partner,71,0,0,3,59292.0,378,5,1
Partner,13,1,1,1,27190.0,1,0,0
Single,58,0,0,2,82623.0,204,9,1
Partner,65,1,0,1,44300.0,30,0,0
Single,0,0,1,4,84835.0,189,4,2
Single,33,1,0,2,30372.0,15,0,0
Partner,90,1,0,1,33181.0,9,0,0
Partner,95,0,0,6,71113.0,495,7,1
Partner,93,1,0,8,71952.0,656,4,1
Single,38,0,1,4,69759.0,452,6,1
Partner,18,0,0,3,72099.0,546,4,1
Single,57,0,0,11,60000.0,1048,3,1
Single,45,1,0,2,38643.0,22,0,0
Partner,61,0,0,2,50737.0,78,0,2
Partner,6,0,0,3,68462.0,561,3,1
Partner,65,0,0,5,65073.0,629,3,1
Partner,52,0,0,4,46681.0,269,6,2
Partner,87,0,0,4,78618.0,736,7,1
Single,38,0,0,6,62187.0,512,2,1
Partner,53,2,0,2,28442.0,19,1,0
Partner,31,1,0,1,37717.0,9,0,0
Partner,67,1,0,6,51479.0,247,3,0
Single,65,0,0,6,54803.0,404,2,2
Partner,64,0,0,4,79530.0,333,10,1
Single,82,1,0,2,31615.0,2,0,0
Partner,27,0,0,4,72025.0,833,3,1
Single,63,0,0,2,52614.0,789,4,1
Partner,66,1,0,1,35684.0,10,0,0
Partner,69,1,0,5,48178.0,159,1,0
Single,52,1,0,1,29548.0,7,1,0
Single,45,0,0,4,63810.0,977,3,1
Single,2,1,1,3,38578.0,38,0,0
Single,86,1,0,3,46098.0,57,2,0
Single,23,0,1,1,22585.0,3,1,2
Single,13,1,0,1,30279.0,10,0,0
Partner,14,0,0,3,66426.0,1043,5,1
Single,92,1,0,1,30822.0,3,0,0
Partner,38,2,0,1,33581.0,11,0,0
Partner,74,1,0,0,19986.0,3,0,0
Single,14,0,0,4,27421.0,43,1,2
Partner,94,2,0,4,35688.0,73,1,0
Single,33,1,0,0,36143.0,12,1,0
Single,32,1,0,1,10245.0,4,2,0
Partner,11,0,1,7,43795.0,314,3,2
Partner,78,0,0,4,63381.0,571,5,1
Partner,56,0,0,2,38823.0,70,1,2
Single,57,1,0,2,83664.0,866,2,1
Partner,7,0,0,5,90300.0,594,6,1
Partner,0,1,0,3,62499.0,140,1,0
Single,66,0,0,5,74293.0,375,4,1
Partner,86,0,0,4,51012.0,102,1,2
Partner,80,0,0,5,70777.0,554,3,1
Partner,56,0,0,4,68682.0,919,9,1
Partner,18,1,0,3,43824.0,96,1,0
Partner,51,1,1,1,15345.0,5,1,0
Single,71,1,0,1,23442.0,2,0,0
Partner,71,1,1,2,14515.0,6,2,0
Single,80,1,0,2,31395.0,23,1,0
Partner,2,0,0,9,75276.0,610,4,1
Single,83,1,0,2,42373.0,67,1,0
Partner,29,0,0,5,30507.0,65,1,2
Single,11,1,1,6,55521.0,416,3,0
Partner,55,1,0,1,48006.0,23,0,0
Single,19,1,1,2,27213.0,19,0,0
Single,1,1,0,5,65808.0,155,1,0
Partner,19,1,0,3,30351.0,14,0,0
Partner,28,0,0,7,50437.0,370,1,2
Single,76,1,1,3,23616.0,4,0,0
Partner,50,0,0,4,53858.0,407,3,2
Partner,1,0,0,11,66465.0,1200,9,1
Single,90,1,0,5,46923.0,85,1,0
Partner,83,0,0,5,75072.0,583,4,1
Partner,73,0,0,3,75865.0,483,5,1
Partner,24,1,0,2,19789.0,2,1,0
Partner,11,0,0,2,80134.0,966,7,1
Single,33,0,1,7,91065.0,822,9,1
Partner,4,1,0,10,49505.0,604,2,1
Partner,14,1,0,2,37401.0,19,0,0
Partner,30,1,0,2,30096.0,5,0,0
Partner,75,1,0,1,18492.0,2,0,0
Partner,26,0,1,3,82584.0,1076,4,1
Partner,77,0,0,7,93027.0,1285,10,1
Partner,8,1,0,1,48686.0,10,0,0
Partner,42,0,0,6,92910.0,551,7,1
Partner,28,1,0,2,75433.0,800,5,1
Partner,52,1,0,1,10404.0,2,0,0
Partner,1,0,0,5,61314.0,378,5,1
Single,1,0,1,2,84865.0,1248,4,1
Partner,42,1,0,8,42387.0,235,1,0
Partner,76,1,0,9,67309.0,515,6,1
Partner,27,0,0,8,75236.0,438,3,1
Single,28,1,0,1,30015.0,25,0,0
Partner,49,0,0,1,50943.0,31,0,2
Single,12,0,0,6,67272.0,357,2,2
Single,14,0,0,9,51529.0,400,1,2
Partner,89,1,0,2,32011.0,99,1,0
Partner,96,1,0,2,7500.0,1,0,0
Partner,56,1,0,1,28691.0,5,0,0
Partner,72,0,0,2,56223.0,77,1,2
Partner,14,0,0,0,18100.0,3,0,2
Single,13,1,0,1,30279.0,10,0,0
Partner,99,0,0,1,20130.0,0,0,2
Single,72,0,0,1,23295.0,0,0,2
Single,92,1,0,5,42618.0,76,0,0
Single,87,0,0,4,81246.0,398,5,1
Partner,7,1,0,2,24027.0,14,0,0
Partner,91,0,0,3,55707.0,208,2,2
Single,71,0,0,4,57959.0,430,7,1
Partner,24,0,0,8,56796.0,656,9,1
Single,17,1,0,2,36230.0,14,0,0
Partner,87,1,0,4,70829.0,141,2,0
Partner,21,0,0,9,65991.0,507,5,1
Partner,90,1,0,5,38988.0,164,1,0
Single,44,0,1,7,89572.0,606,7,1
Partner,71,1,1,4,42207.0,116,1,0
Partner,52,0,0,2,50300.0,143,1,2
Partner,78,0,0,5,66664.0,398,7,1
Partner,2,0,1,2,60597.0,522,2,2
Single,60,0,0,3,70165.0,161,7,1
Single,25,0,0,3,50520.0,112,1,2
Partner,47,0,0,3,80124.0,483,7,1
Partner,46,1,0,4,33183.0,7,0,0
Single,83,0,0,2,66582.0,789,8,1
Partner,17,0,1,5,75261.0,1239,6,1
Single,13,1,0,1,31880.0,4,0,0
Partner,86,0,0,7,53790.0,335,2,2
Partner,92,1,0,7,49269.0,639,3,1
Partner,47,0,0,6,61456.0,563,10,1
Partner,18,1,1,1,37406.0,2,0,0
Partner,81,1,1,8,56937.0,746,6,1
Partner,91,1,0,1,38415.0,22,0,0
Single,58,1,0,1,20518.0,4,1,0
Partner,40,0,0,8,62503.0,478,3,1
Single,67,1,0,1,41644.0,20,0,0
Partner,19,0,0,7,55842.0,451,1,2
Partner,93,0,0,6,62010.0,371,2,2
Partner,41,1,0,7,41124.0,281,3,0
Partner,60,1,0,2,38961.0,19,1,0
Single,54,1,0,2,37760.0,26,0,0
Single,26,1,1,6,32233.0,138,2,0
Partner,30,0,0,4,43057.0,213,2,2
Partner,93,0,0,5,83151.0,407,9,1
Single,35,0,1,5,78825.0,483,10,1
Partner,4,0,0,3,65104.0,738,5,1
Partner,92,0,0,7,60093.0,502,2,1
Partner,24,1,0,1,14045.0,11,0,0
Single,96,0,0,4,28457.0,24,1,2
Partner,11,0,0,2,78952.0,1170,5,1
Single,99,1,0,6,46310.0,185,1,0
Partner,72,0,0,3,76005.0,983,5,1
Single,77,0,0,2,58308.0,691,6,1
Single,85,0,0,9,55614.0,504,4,1
Single,88,0,0,5,59432.0,317,3,2
Single,22,0,0,2,55563.0,29,0,2
Partner,83,0,0,4,78642.0,1396,9,1
Partner,63,0,0,6,67911.0,529,7,1
Partner,9,0,0,4,65275.0,388,3,2
Partner,92,1,0,1,27203.0,13,1,0
Partner,2,0,0,1,48330.0,28,0,2
Partner,6,0,0,4,24279.0,16,1,2
Partner,66,1,0,4,64355.0,1047,3,1
Partner,49,0,0,1,50943.0,31,0,2
Single,29,0,0,10,53653.0,815,4,1
Partner,77,0,0,5,65665.0,225,10,1
Single,77,0,0,3,81217.0,493,7,1
Partner,71,0,0,2,34935.0,34,1,2
Single,49,0,0,5,61250.0,382,2,2
Partner,97,1,0,4,39665.0,127,2,0
Single,6,0,0,6,60152.0,325,4,1
Partner,93,0,0,6,48920.0,238,2,2
Partner,78,0,0,5,89120.0,1168,6,1
Partner,62,0,0,6,44124.0,284,2,2
Single,47,0,0,5,81169.0,1288,7,1
Partner,9,1,0,3,36443.0,65,1,0
Single,77,1,0,1,26095.0,11,0,0
Partner,24,0,0,4,71367.0,227,5,1
Partner,19,0,0,6,80184.0,1035,3,1
Single,67,1,0,2,30630.0,27,0,0
Single,95,0,0,2,73454.0,982,4,1
Partner,48,0,0,5,42691.0,179,1,2
Partner,73,0,0,2,70503.0,1379,4,1
Partner,35,1,1,2,25545.0,32,2,0
Partner,76,1,0,1,32880.0,8,0,0
Partner,20,0,0,4,77863.0,881,5,1
Partner,72,0,0,4,50353.0,141,4,2
Single,20,0,0,4,61839.0,1000,8,1
Partner,69,1,0,4,49154.0,206,1,0
Single,80,0,0,4,47682.0,162,3,2
Single,65,0,0,4,72679.0,619,7,1
Partner,52,1,0,8,57954.0,456,2,1
Partner,65,1,0,3,65316.0,112,2,0
Single,57,1,0,2,28567.0,11,0,0
Partner,70,0,0,6,47352.0,172,1,2
Partner,0,0,0,2,44931.0,78,1,2
Single,19,0,1,8,76982.0,464,3,1
Partner,50,0,0,2,57247.0,99,1,2
Single,67,1,0,3,22944.0,19,0,0
Partner,46,1,0,3,25315.0,1,0,0
Single,37,0,0,4,43638.0,63,1,2
Single,38,1,0,4,42710.0,252,5,0
Partner,9,0,1,7,84169.0,1478,6,1
Partner,56,0,0,4,54058.0,198,6,2
Partner,98,1,0,2,24683.0,8,0,0
Single,68,0,1,3,85620.0,416,6,1
Partner,72,1,0,3,47850.0,42,0,0
Partner,47,1,1,3,19514.0,14,1,0
Partner,33,1,0,1,27159.0,17,0,0
Single,87,1,0,1,39548.0,15,1,0
Single,0,1,1,3,21474.0,6,1,0
Single,73,0,0,6,60504.0,458,2,1
Partner,74,0,0,3,22419.0,30,2,2
Partner,4,0,1,3,81698.0,179,8,1
Partner,50,1,0,4,43462.0,90,1,0
Single,57,1,0,6,54880.0,308,2,0
Partner,30,0,0,5,79908.0,557,6,1
Partner,27,0,0,2,15315.0,7,0,2
Partner,61,0,1,5,87771.0,1492,10,1
Partner,4,1,0,2,33039.0,30,0,0
Single,75,0,0,6,81741.0,249,6,1
Partner,12,0,0,8,71499.0,465,3,1
Partner,13,0,0,6,62466.0,129,3,2
Single,9,0,0,3,48799.0,174,2,2
Partner,48,0,0,3,52157.0,189,2,2
Single,80,0,0,4,66565.0,747,2,1
Partner,60,1,0,1,29298.0,6,0,0
Single,43,0,0,1,47691.0,14,0,2
Partner,19,1,0,1,38200.0,12,0,0
Partner,26,0,0,5,44989.0,98,1,2
Partner,58,1,0,1,38443.0,32,0,0
Single,42,1,0,4,38593.0,51,1,0
Partner,27,0,0,5,64413.0,200,1,2
Partner,56,1,0,2,36959.0,25,0,0
Partner,27,0,1,6,61996.0,1050,4,1
Partner,10,1,0,4,51287.0,117,1,0
Partner,48,1,0,3,13260.0,9,0,0
Partner,39,1,0,2,47472.0,56,0,0
Partner,85,1,0,4,54603.0,145,2,0
Partner,64,1,0,3,45207.0,203,1,0
Partner,69,0,0,7,40689.0,270,1,2
Partner,54,1,0,1,47821.0,9,0,0
Partner,57,0,0,2,27450.0,37,1,2
Partner,64,1,0,2,39453.0,46,0,0
Partner,10,1,0,2,26850.0,31,1,0
Single,65,0,1,5,79800.0,1060,11,1
Partner,74,0,0,4,61794.0,264,4,2
Partner,4,0,0,7,53863.0,399,1,2
Partner,94,0,0,1,24221.0,8,1,2
Single,41,1,1,2,39684.0,19,1,0
Partner,25,0,1,5,92163.0,817,11,1
Single,94,0,0,3,69882.0,292,7,1
Partner,9,1,0,1,33178.0,12,0,0
Partner,47,0,0,3,59973.0,130,4,2
Partner,12,1,1,3,17459.0,6,1,0
Single,80,1,0,2,23910.0,16,0,0
Partner,20,1,0,1,42169.0,19,0,0
Partner,39,1,0,2,26224.0,4,1,0
Partner,57,1,0,3,31089.0,31,0,0
Single,27,0,0,1,30081.0,36,0,2
Partner,83,0,0,5,62807.0,526,3,1
Single,79,0,0,3,72906.0,400,4,1
Partner,69,0,0,5,61467.0,410,2,2
Partner,77,1,0,3,49618.0,80,1,0
Single,15,1,1,5,21888.0,88,1,0
Single,99,0,0,1,42429.0,55,1,2
Single,61,2,0,1,26150.0,5,0,0
Partner,23,0,0,1,30801.0,8,0,2
Partner,84,0,0,6,81168.0,410,4,1
Single,74,0,0,3,26877.0,101,1,2
Single,90,0,0,3,45006.0,162,1,2
Partner,41,1,0,1,18978.0,2,0,0
Partner,28,2,0,2,22574.0,25,0,0
Single,73,0,1,6,48240.0,389,3,2
Partner,88,1,0,6,45837.0,215,2,0
Single,94,2,0,1,35791.0,27,0,0
Partner,31,1,0,0,162397.0,85,0,0
Single,31,1,0,1,54162.0,5,0,0
Partner,6,0,0,1,30522.0,179,2,2
Partner,23,0,0,6,54456.0,352,1,2
Single,92,0,0,2,31632.0,17,1,2
Single,52,0,0,4,72298.0,625,3,1
Single,50,1,0,1,36975.0,10,0,0
Partner,54,0,0,6,72635.0,390,8,1
Partner,93,1,0,2,13624.0,10,0,0
Single,56,0,0,8,84196.0,215,4,1
Partner,28,0,1,11,70971.0,1001,11,1
Single,94,1,0,3,34487.0,19,0,0
Single,76,1,0,4,28769.0,41,1,0
Partner,43,1,0,7,69084.0,1181,3,1
Partner,46,0,0,3,65488.0,603,4,1
Partner,13,0,0,6,62466.0,129,3,2
Single,27,0,1,2,32218.0,10,1,2
Single,12,0,1,6,83917.0,514,7,1
Single,3,2,0,1,46102.0,14,0,0
Single,72,0,0,9,84574.0,387,11,1
Partner,6,0,0,4,56181.0,121,2,2
Single,53,0,1,8,63120.0,965,4,1
Partner,58,0,0,6,73691.0,707,2,1
Partner,78,0,0,4,63381.0,571,5,1
Partner,57,0,0,5,76140.0,586,9,1
Single,37,0,0,9,62859.0,1063,4,1
Single,20,0,0,5,45906.0,305,4,2
Partner,73,0,1,4,77632.0,1200,2,1
Partner,56,1,0,3,46463.0,163,1,0
Partner,36,0,1,9,105471.0,1009,8,1
Single,9,1,0,3,55282.0,125,1,0
Partner,42,0,0,7,78710.0,721,6,1
Partner,28,0,0,7,66886.0,315,1,2
Single,23,0,0,4,98777.0,1000,6,1
Partner,38,1,0,1,29103.0,16,0,0
Partner,63,0,0,9,67445.0,757,6,1
Partner,71,0,0,1,50616.0,30,1,2
Single,9,0,0,7,49431.0,219,1,2
Single,81,0,0,0,153924.0,1,0,2
Partner,87,0,0,3,61278.0,111,1,2
Partner,92,0,0,3,26490.0,45,1,2
Partner,36,0,0,9,73059.0,410,3,1
Single,86,1,0,3,46734.0,100,2,0
Partner,83,0,0,7,56253.0,509,2,1
Partner,74,1,0,0,19986.0,3,0,0
Single,87,0,0,6,58330.0,445,4,1
Partner,29,0,0,2,25965.0,2,0,2
Partner,88,0,0,1,14661.0,4,0,2
Partner,77,0,0,1,18690.0,6,1,2
Partner,25,0,0,1,45068.0,14,0,2
Single,34,1,0,2,21063.0,1,0,0
Partner,43,1,0,1,29187.0,26,0,0
Partner,76,1,0,3,54690.0,111,1,0
Partner,81,0,0,7,59304.0,418,8,1
Single,87,0,0,5,59247.0,327,2,2
Single,33,0,0,4,66731.0,371,3,2
Partner,38,0,0,6,77353.0,275,4,1
Single,63,0,0,2,52614.0,789,4,1
Partner,26,2,0,1,26751.0,1,0,0
Partner,17,0,1,10,81300.0,1004,3,1
Single,75,0,0,2,70337.0,187,2,2
Partner,13,1,1,4,36145.0,56,1,0
Single,19,0,0,3,65295.0,365,3,2
Single,51,0,0,8,68118.0,595,9,1
Single,81,0,0,11,68743.0,1132,5,1
Partner,32,0,0,8,41039.0,34,1,2
Partner,84,0,0,3,38946.0,116,1,2
Partner,87,0,0,2,65777.0,565,8,1
Single,99,0,0,5,66476.0,372,2,2
Single,96,0,1,5,86857.0,899,6,1
Partner,21,0,0,0,160803.0,55,28,1
Partner,40,0,0,3,77845.0,760,5,1
Partner,3,0,0,4,69476.0,260,6,1
Single,98,0,1,4,50611.0,459,5,1
Single,73,0,0,5,61209.0,466,3,1
Partner,90,0,0,1,42315.0,67,4,2
Partner,29,0,0,1,13084.0,2,0,2
Single,3,1,1,2,47570.0,67,2,0
Partner,94,0,0,2,61923.0,92,1,2
Single,65,0,0,1,34824.0,4,0,2
Single,33,1,1,2,26518.0,20,0,0
Single,46,0,0,8,45938.0,273,4,1
Partner,29,0,0,10,78468.0,434,7,1
Single,99,0,0,9,78901.0,321,3,1
Partner,26,2,0,8,71427.0,212,2,0
Single,30,0,0,5,71022.0,909,2,1
Single,27,0,1,3,90247.0,1184,4,1
Single,24,1,0,4,41335.0,112,1,0
Partner,93,1,0,8,71952.0,656,4,1
Single,34,1,0,1,35682.0,23,1,0
Single,88,0,0,9,43185.0,537,3,1
Partner,96,0,0,2,66375.0,712,4,1
Partner,10,1,1,1,35178.0,23,1,0
Partner,26,1,0,1,25252.0,1,0,0
Single,49,0,0,7,55250.0,664,5,1
Single,11,1,0,2,33249.0,6,1,0
Partner,44,0,0,5,58398.0,299,4,2
Partner,75,1,0,4,50272.0,99,1,0
Partner,64,0,0,3,76618.0,749,2,1
Single,19,0,1,5,87305.0,345,3,1
Partner,45,1,0,2,25851.0,9,0,0
Single,77,0,0,11,58710.0,440,5,1
Single,9,1,0,1,45160.0,8,0,0
Partner,1,0,0,5,74806.0,670,4,1
Partner,90,0,0,11,59111.0,524,1,1
Partner,43,1,0,1,18988.0,6,0,0
Partner,79,0,0,5,72190.0,597,6,1
Partner,19,1,1,4,7500.0,7,1,0
Partner,99,0,0,2,44794.0,54,0,2
Partner,62,0,0,6,80395.0,445,5,1
Single,41,0,0,3,75012.0,294,8,1
Partner,60,2,0,6,56962.0,292,3,0
Partner,17,0,0,11,89891.0,412,6,1
Single,24,1,0,0,35946.0,8,0,0
Partner,60,1,0,7,53593.0,349,2,0
Partner,57,1,0,4,66373.0,328,2,0
Single,74,1,0,6,45072.0,144,1,0
Single,22,1,0,4,89694.0,1126,3,1
Partner,46,0,1,4,72025.0,967,8,1
Partner,69,0,0,8,67432.0,432,5,1
Partner,29,0,0,4,70545.0,138,1,2
Partner,37,1,0,1,17487.0,0,0,0
Partner,26,0,0,7,62882.0,509,5,1
Single,8,0,0,6,64108.0,948,9,1
Partner,26,1,0,3,34941.0,39,0,0
Single,79,1,0,2,48767.0,28,1,0
Partner,71,1,0,3,38702.0,13,0,0
Partner,83,0,0,6,82224.0,307,9,1
Partner,57,0,0,4,83844.0,901,4,1
Partner,37,1,0,2,17003.0,2,0,0
Single,30,0,0,3,71163.0,283,8,1
Single,34,1,0,1,33697.0,4,0,0
Partner,0,0,1,10,63564.0,769,10,1
Partner,89,0,0,6,83443.0,518,10,1
Partner,92,0,0,3,51518.0,350,2,2
Single,87,0,0,6,58330.0,445,4,1
Partner,20,0,1,8,80952.0,778,5,1
Partner,56,0,0,8,75507.0,709,6,1
Partner,28,0,0,7,63855.0,359,3,1
Partner,55,0,1,7,62220.0,799,6,1
Partner,25,0,0,3,58512.0,895,4,1
Partner,0,1,0,2,40662.0,40,1,0
Partner,86,0,0,3,38829.0,76,2,2
Partner,8,1,0,3,35523.0,11,0,0
Single,33,1,0,8,79146.0,245,1,1
Partner,13,0,0,6,78285.0,647,4,1
Single,12,1,1,2,31626.0,39,1,0
Single,92,0,0,2,75127.0,203,11,1
Partner,90,0,0,3,48726.0,138,2,2
Partner,8,0,0,3,74985.0,587,6,1
Partner,6,0,0,11,67430.0,595,5,1
Partner,91,0,0,2,46891.0,43,1,2
Partner,52,0,0,6,62058.0,301,1,2
Partner,3,0,0,5,72063.0,180,2,2
Partner,57,0,0,8,78939.0,794,5,1
Single,9,1,1,7,42720.0,392,3,0
Partner,22,1,0,2,33622.0,39,0,0
Partner,76,0,0,0,6835.0,107,0,2
Partner,86,1,0,1,41452.0,13,0,0
Single,64,0,0,2,40760.0,70,1,2
Partner,90,0,0,2,74250.0,680,11,1
Single,79,1,0,1,51124.0,26,0,0
Single,28,0,0,6,72258.0,522,9,1
Single,86,0,0,4,71466.0,412,4,1
Partner,42,1,0,1,36283.0,6,0,0
Single,39,1,0,1,20587.0,2,1,0
Partner,8,1,0,1,30467.0,1,0,0
Partner,40,1,0,1,31590.0,6,0,0
Partner,5,1,0,2,20425.0,4,0,0
Partner,96,1,0,3,17144.0,18,0,0
Single,28,0,1,6,42564.0,324,8,1
Partner,22,1,0,7,43783.0,327,1,0
Single,30,0,0,7,40780.0,229,1,2
Partner,45,0,0,3,62847.0,521,6,1
Partner,58,0,1,5,82017.0,184,4,1
Single,49,0,0,2,16813.0,4,0,2
Partner,37,1,0,3,51267.0,183,3,0
Single,70,0,0,1,46524.0,31,1,2
Single,33,0,0,4,45183.0,219,1,2
Partner,98,0,0,10,70421.0,479,3,1
Single,17,0,0,11,60161.0,584,4,1
Partner,54,0,0,6,73926.0,627,5,1
Partner,39,1,0,4,19329.0,24,0,0
Partner,81,0,0,4,61872.0,330,4,2
Single,71,1,0,1,46984.0,19,0,0
Partner,62,1,0,2,34838.0,28,1,0
Single,8,0,0,6,82716.0,606,8,1
Partner,76,0,1,2,48192.0,1039,8,1
Partner,66,0,0,7,49681.0,411,1,2
Partner,83,0,0,1,56850.0,34,1,2
Partner,28,0,0,3,55267.0,161,4,2
Partner,87,1,0,3,59666.0,623,2,0
Single,43,0,0,5,72504.0,604,9,1
Partner,0,0,0,1,26872.0,3,1,2
Single,1,1,1,2,21359.0,12,0,0
Single,1,0,0,5,73170.0,184,4,2
Partner,72,0,0,5,52750.0,393,7,1
Partner,72,0,0,5,91820.0,410,5,1
Partner,12,0,0,5,65968.0,376,4,1
Partner,89,1,0,1,30772.0,7,0,0
Single,67,0,0,10,22507.0,68,2,2
Partner,54,0,0,9,65685.0,642,2,1
Partner,34,1,0,2,25804.0,8,0,0
Single,15,0,1,5,76412.0,840,4,1
Partner,43,1,0,2,22063.0,7,0,0
Single,0,0,1,7,57091.0,464,3,1
Partner,74,0,0,3,22419.0,30,2,2
Partner,61,0,1,5,87771.0,1492,10,1
Single,51,0,0,10,78353.0,752,2,1
Partner,97,1,0,3,93404.0,1279,4,1
Single,75,1,0,1,37859.0,22,0,0
Single,83,0,0,8,80995.0,860,9,1
Partner,23,1,0,1,16529.0,3,0,0
Single,65,1,0,2,55412.0,10,0,0
Single,94,0,0,6,48789.0,351,4,1
Partner,42,0,0,7,56575.0,421,3,1
Partner,10,1,0,2,25130.0,2,0,0
Partner,94,1,0,1,35441.0,25,0,0
Partner,50,0,0,6,71391.0,336,5,1
Single,46,1,0,6,49494.0,191,1,0
Single,98,0,0,7,81702.0,563,7,1
Single,42,0,0,1,45889.0,31,0,2
Single,30,0,0,7,56628.0,479,6,1
Partner,11,1,0,2,34026.0,18,1,0
Partner,61,0,0,3,40049.0,91,2,2
Single,12,1,0,3,34176.0,5,0,0
Partner,76,1,0,4,19419.0,2,0,0
Partner,2,0,0,3,82504.0,362,6,1
Partner,43,0,1,5,81205.0,724,6,1
Single,27,0,0,3,61618.0,605,6,1
Single,60,0,0,7,55284.0,547,5,1
Single,79,0,0,3,49980.0,104,1,2
Partner,96,2,0,3,15072.0,8,1,0
Single,17,0,0,5,49166.0,224,3,2
Partner,0,0,0,6,65324.0,384,2,2
Partner,38,0,0,7,82347.0,556,7,1
Partner,43,1,0,1,30843.0,24,1,0
Partner,1,0,1,7,46374.0,408,1,2
Single,25,0,0,10,60474.0,265,2,1
Partner,2,0,0,1,38576.0,34,0,2
Partner,66,2,0,6,55357.0,374,2,0
Partner,49,1,0,1,37758.0,27,0,0
Partner,5,0,0,6,85710.0,600,9,1
Partner,71,1,0,2,23228.0,13,0,0
Partner,35,1,0,6,44602.0,167,1,0
Partner,94,0,0,0,7500.0,0,0,2
Partner,80,1,0,4,38683.0,46,1,0
Single,61,1,0,6,49514.0,88,1,0
Partner,29,0,0,4,57906.0,243,2,2
Single,0,0,0,5,43456.0,275,1,2
Single,80,2,0,1,19485.0,6,0,0
Partner,54,0,0,2,53172.0,121,3,2
Partner,71,1,0,2,30545.0,4,0,0
Partner,27,0,0,5,70123.0,1308,7,1
Single,61,0,0,5,62450.0,515,5,1
Partner,55,1,0,4,21675.0,4,0,0
Single,35,1,0,3,42395.0,48,1,0
Partner,34,1,0,5,61346.0,562,7,1
Partner,95,0,0,4,80812.0,769,8,1
Single,64,1,0,6,42835.0,379,6,1
Partner,30,1,0,3,39922.0,29,0,0
Single,12,0,0,6,86424.0,387,9,1
Partner,96,1,0,3,17117.0,12,1,0
Single,16,1,1,3,24762.0,6,1,0
Partner,16,0,0,2,35797.0,27,0,2
Single,78,2,0,0,36627.0,9,0,0
Partner,83,1,0,2,51111.0,22,0,0
Single,96,0,1,5,86857.0,899,6,1
Partner,67,0,0,3,82072.0,889,2,1
Single,87,2,0,6,46231.0,189,1,0
Partner,34,1,0,2,42243.0,48,0,0
Partner,46,1,0,9,51195.0,230,2,0
Single,7,0,0,2,68092.0,852,6,1
Partner,73,1,0,2,31814.0,35,0,0
Single,54,1,0,5,51390.0,205,2,0
Partner,93,0,0,3,76630.0,255,10,1
Single,52,1,0,1,26868.0,0,0,0
Single,53,0,1,7,48948.0,437,10,1
Single,81,0,0,8,55260.0,825,10,1
Partner,8,0,1,6,64090.0,316,9,1
Single,97,0,0,10,78331.0,756,6,1
Partner,50,1,0,4,37087.0,194,2,0
Single,38,1,0,4,21846.0,7,0,0
Partner,61,0,0,4,81320.0,183,3,2
Single,46,0,0,4,54137.0,171,1,2
Partner,73,0,0,4,66825.0,243,5,1
Partner,19,0,0,3,57100.0,181,3,2
Partner,10,1,0,4,58917.0,151,1,0
Single,94,0,0,3,85072.0,494,4,1
Single,10,0,1,7,86429.0,464,4,1
Single,37,1,0,1,45684.0,5,0,0
Partner,94,1,0,2,47889.0,29,0,0
Partner,23,0,0,2,45921.0,102,1,2
Single,75,0,0,3,78420.0,604,10,1
Partner,40,0,0,3,75114.0,571,10,1
Single,24,0,1,10,52278.0,953,5,1
Partner,11,1,1,3,35641.0,63,1,0
Single,29,0,1,7,95529.0,770,3,1
Partner,51,0,0,3,62820.0,398,4,2
Partner,86,0,0,3,73113.0,741,4,1
Partner,9,0,1,7,84169.0,1478,6,1
Single,30,0,0,3,42607.0,156,2,2
Single,73,0,0,6,74637.0,960,9,1
Partner,25,1,0,1,46015.0,38,0,0
Single,67,0,0,2,72354.0,315,10,1
Single,67,1,1,2,39858.0,15,0,0
Partner,58,1,0,1,34469.0,19,1,0
Partner,82,1,0,11,83033.0,812,4,1
Partner,98,0,0,6,24401.0,73,1,2
Partner,93,0,0,4,77583.0,372,5,1
Single,53,0,0,4,74116.0,871,4,1
Single,66,0,0,5,74293.0,375,4,1
Partner,6,0,0,6,68397.0,760,9,1
Partner,42,0,0,6,79632.0,471,4,1
Single,78,1,0,1,46107.0,31,1,0
Single,29,0,0,11,64950.0,819,2,1
Partner,82,1,0,1,25443.0,1,0,0
Single,92,0,0,2,75127.0,203,11,1
Partner,78,1,0,3,32892.0,26,0,0
Partner,54,0,0,9,71796.0,354,3,1
Partner,45,0,0,11,67536.0,1253,5,1
Single,59,0,0,7,55239.0,371,5,1
Single,8,1,0,8,60554.0,588,4,1
Single,51,1,0,6,64831.0,480,3,1
Partner,51,0,0,7,56067.0,517,4,1
Single,76,0,1,3,82025.0,267,2,2
Partner,62,0,1,5,94384.0,1111,8,1
Single,86,0,0,2,14906.0,7,1,2
Partner,60,0,0,4,51563.0,1166,4,1
Partner,56,0,0,4,57937.0,261,4,2
Single,83,1,0,4,68274.0,135,2,0
Partner,92,1,0,2,39771.0,6,0,0
Single,31,0,0,3,67893.0,711,2,1
Partner,80,1,0,2,27922.0,11,0,0
Partner,39,1,0,2,52190.0,42,1,0
Single,20,1,1,3,44051.0,79,1,0
Single,53,2,0,3,42767.0,20,1,0
Partner,84,1,0,1,46106.0,30,1,0
Partner,50,1,0,3,16927.0,20,0,0
Partner,96,0,1,5,59754.0,115,2,2
Single,94,0,0,5,53700.0,263,5,1
Partner,25,1,0,2,59041.0,69,0,0
Single,48,0,0,5,54237.0,267,2,2
Single,65,0,0,4,70647.0,561,7,1
Single,69,0,0,6,52597.0,492,3,1
Partner,12,1,1,2,41021.0,14,0,0
Partner,84,0,0,2,40233.0,80,1,2
Partner,47,1,0,3,50183.0,97,1,0
Partner,87,0,0,5,54753.0,197,2,2
Partner,35,0,1,6,92955.0,693,7,1
Partner,47,1,0,3,33471.0,43,0,0
Partner,48,1,1,1,34596.0,14,0,0
Partner,46,1,0,10,44010.0,186,2,0
Partner,27,0,0,3,84219.0,434,4,1
Partner,37,2,0,3,40706.0,59,0,0
Partner,8,1,0,3,15716.0,16,0,0
Single,29,0,0,7,59052.0,230,1,2
Partner,85,0,0,4,80573.0,829,6,1
Partner,2,0,0,2,83715.0,318,8,1
Partner,66,0,0,2,82576.0,1206,4,1
Partner,60,2,0,6,56962.0,292,3,0
Partner,54,1,0,2,35704.0,30,0,0
Partner,70,0,0,10,53103.0,729,6,1
Single,55,1,0,0,46779.0,12,1,0
Single,20,0,0,0,4861.0,2,0,2
Single,78,1,0,2,33462.0,22,0,0
Single,63,0,0,11,63693.0,587,6,1
Partner,17,0,1,5,80763.0,674,11,1
Partner,43,0,0,4,65352.0,284,2,2
Partner,13,0,0,5,82170.0,1023,6,1
Partner,46,0,1,9,75759.0,1394,7,1
Single,65,0,0,4,79689.0,311,9,1
Single,1,1,0,2,35340.0,27,0,0
Single,6,0,1,2,85683.0,1296,4,1
Partner,32,1,0,0,24884.0,3,0,0
Partner,34,1,0,10,42021.0,393,1,0
Single,70,1,0,5,64449.0,218,3,0
Single,49,1,0,1,64587.0,66,1,0
Single,65,0,0,1,34824.0,4,0,2
Partner,25,0,0,8,75437.0,795,4,1
Partner,84,1,0,2,26091.0,15,1,0
Partner,7,1,0,8,52845.0,384,8,1
Single,34,0,0,3,46086.0,244,1,2
Single,38,0,1,6,78028.0,158,4,1
Single,1,0,1,4,95169.0,1285,3,1
Partner,25,1,1,8,56337.0,349,5,1
Partner,25,1,0,2,22434.0,4,0,0
Partner,50,0,0,5,36930.0,223,2,2
Single,46,0,1,3,36130.0,157,8,2
Partner,96,0,0,6,65569.0,397,5,1
Partner,57,0,0,4,83844.0,901,4,1
Partner,47,1,0,3,19514.0,14,1,0
Single,52,1,0,1,36736.0,10,0,0
Partner,30,0,0,10,77568.0,1230,2,1
Partner,63,0,0,1,49187.0,81,1,2
Single,51,1,0,6,30168.0,154,1,0
Partner,14,0,0,3,34053.0,63,0,2
Partner,20,1,0,2,38196.0,30,0,0
Partner,56,0,0,4,59412.0,90,2,2
Partner,41,0,0,6,70924.0,635,6,1
Partner,72,0,0,2,54165.0,127,1,2
Partner,1,1,0,1,32300.0,13,0,0
Single,27,0,0,2,20180.0,18,1,2
Partner,77,1,0,3,34961.0,45,1,0
Partner,87,1,0,2,28440.0,38,0,0
Partner,81,1,1,11,64504.0,986,3,1
Partner,51,0,0,1,33564.0,61,1,2
Partner,79,1,0,2,17345.0,4,1,0
Partner,11,0,0,5,56320.0,201,4,2
Single,54,1,1,2,28647.0,19,2,0
Single,93,1,0,2,15038.0,4,1,0
Single,0,0,0,1,32173.0,18,0,2
Partner,54,0,0,10,68316.0,806,7,1
Partner,21,0,1,8,74538.0,380,8,1
Single,58,0,1,8,91700.0,576,6,1
Partner,3,0,0,4,68695.0,458,4,1
Partner,99,1,0,1,31056.0,5,0,0
Partner,70,0,0,5,79593.0,350,6,1
Single,65,0,0,5,28071.0,39,1,2
Partner,44,1,0,3,37334.0,26,0,0
Single,6,1,0,2,46423.0,68,0,0
Partner,9,1,1,1,37126.0,45,2,0
Partner,95,0,0,6,47703.0,359,3,2
Partner,70,0,0,5,61180.0,403,5,1
Partner,92,1,0,2,38998.0,34,0,0
Single,62,0,0,0,8028.0,73,1,2
Partner,85,0,0,4,76081.0,292,5,1
Partner,2,1,1,1,34728.0,14,1,0
Single,0,0,0,2,33168.0,80,1,2
Partner,91,0,0,2,33585.0,30,0,2
Partner,3,0,0,7,77037.0,463,7,1
Partner,68,1,1,6,35196.0,75,1,0
Partner,98,0,0,6,44529.0,538,2,2
Partner,41,0,0,6,70924.0,635,6,1
Partner,16,1,0,1,28764.0,8,0,0
Partner,82,0,0,7,69098.0,1315,8,1
Single,1,1,1,1,25959.0,4,2,0
Partner,64,1,0,1,27100.0,12,0,0
Single,68,0,0,3,70596.0,347,5,1
Partner,98,0,0,6,42557.0,192,1,2
Partner,32,0,0,5,53312.0,241,1,2
Single,87,0,0,6,72228.0,631,7,1
Partner,84,0,0,2,67605.0,336,8,1
Partner,3,1,0,3,62845.0,1099,4,1
Partner,34,0,0,7,65196.0,743,6,1
Single,23,0,1,5,42000.0,124,2,2
Single,37,1,0,1,35860.0,15,1,0
Partner,22,0,0,4,65526.0,397,4,1
Partner,19,1,0,1,16860.0,10,1,0
Single,7,0,1,4,83528.0,530,10,1
Single,52,0,0,8,64176.0,1215,9,1
Single,91,0,0,1,22304.0,3,0,2
Partner,93,0,0,3,67023.0,444,7,1
Partner,78,1,0,3,32892.0,26,0,0
Partner,23,0,0,5,70713.0,736,6,1
Partner,83,0,0,9,59925.0,473,2,1
Partner,92,0,0,2,39722.0,32,0,2
Partner,4,0,0,6,46610.0,288,1,2
Partner,32,0,0,4,88347.0,1050,7,1
Partner,27,0,0,6,87171.0,1001,7,1
Partner,10,1,0,1,26907.0,9,0,0
Single,9,1,0,4,50014.0,234,1,0
Partner,65,1,0,1,41014.0,7,0,0
Single,68,0,0,4,66294.0,251,3,2
Partner,16,1,1,7,36715.0,172,2,0
Partner,12,0,1,5,79456.0,565,6,1
Partner,95,1,0,0,40479.0,5,0,0
Single,16,0,1,5,75345.0,918,8,1
Partner,46,0,0,11,54233.0,652,6,1
Single,3,1,0,1,24163.0,4,0,0
Partner,80,0,1,9,84460.0,152,9,1
Partner,77,1,0,1,43776.0,8,0,0
Single,0,0,1,4,71691.0,336,7,1
Partner,62,0,0,6,85844.0,938,6,1
Single,91,1,0,2,39190.0,68,1,0
Partner,24,0,0,4,71367.0,227,5,1
Single,2,1,0,3,38578.0,38,0,0
Partner,22,1,0,2,57236.0,105,1,0
Single,56,0,0,4,61825.0,162,2,2
Single,54,0,0,4,79803.0,574,3,1
Single,71,0,0,3,80910.0,160,3,2
Partner,38,1,0,1,27590.0,6,0,0
Partner,62,0,0,5,56775.0,614,8,1
Single,78,0,1,4,83829.0,897,7,1
Partner,18,0,0,4,54210.0,70,1,2
Partner,95,1,0,7,38508.0,120,2,0
Partner,66,1,0,4,53187.0,211,1,0
Partner,28,1,0,2,30023.0,11,0,0
Single,78,0,0,4,76045.0,760,5,1
Partner,13,0,0,2,50870.0,53,0,2
Partner,27,0,0,2,15315.0,7,0,2
Partner,17,1,0,6,65463.0,391,2,0
Partner,71,1,0,4,66480.0,199,1,0
Single,79,0,0,2,76773.0,516,2,2
Single,1,0,1,8,81698.0,709,2,1
Single,78,1,0,1,54466.0,12,0,0
Single,23,0,0,4,98777.0,1000,6,1
Single,75,1,0,3,16269.0,19,0,0
Partner,70,0,0,3,71819.0,1224,3,1
Partner,10,1,1,1,33569.0,16,1,0
Partner,24,0,1,3,36262.0,88,5,2
Partner,47,0,0,2,22634.0,2,1,2
Partner,98,0,0,11,47025.0,508,1,1
Single,4,0,0,6,70566.0,381,5,1
Partner,15,1,0,2,31605.0,74,1,0
Single,67,1,0,4,52034.0,146,2,0
Single,32,1,0,2,48526.0,23,1,0
Partner,40,0,0,6,46734.0,110,1,2
Single,54,1,1,6,39552.0,165,2,0
Single,78,1,0,5,86358.0,957,3,1
Partner,94,2,0,1,46931.0,41,1,0
Single,51,0,0,0,16581.0,1,0,2
Single,42,0,1,7,63998.0,176,6,1
Partner,67,0,0,2,67381.0,815,2,1
Single,87,1,0,1,25930.0,6,0,0
Partner,29,1,0,1,42693.0,8,0,0
Partner,89,0,0,6,85606.0,717,7,1
Single,74,0,1,7,72903.0,1067,5,1
Partner,97,1,0,5,49669.0,166,1,0
Partner,63,1,0,3,36778.0,29,0,0
Single,88,0,1,4,85696.0,714,6,1
Single,34,0,0,3,10979.0,8,0,2
Partner,81,0,0,6,49678.0,229,2,2
Partner,65,0,0,6,56129.0,320,2,2
Partner,51,1,0,2,37155.0,23,0,0
Single,76,1,0,2,21282.0,1,1,0
Single,76,0,0,2,33419.0,56,0,2
Single,84,0,0,6,63285.0,508,5,1
Partner,56,1,0,2,21255.0,29,1,0
Partner,31,1,1,3,42162.0,46,1,0
Partner,0,1,0,9,54450.0,454,2,1
Partner,91,0,0,9,57744.0,350,1,1
Single,40,1,1,1,26576.0,10,0,0
Single,59,0,0,9,57513.0,735,3,1
Partner,96,0,0,10,68142.0,897,4,1
Partner,61,0,0,1,7500.0,5,0,2
Partner,14,0,1,5,83145.0,777,9,1
Partner,16,0,0,1,54197.0,162,3,2
Single,98,1,0,2,23091.0,35,1,0
Partner,11,1,1,5,46049.0,342,2,0
Partner,52,0,0,7,56715.0,258,3,2
Partner,19,0,0,3,79410.0,658,2,1
Partner,61,0,0,7,57304.0,356,6,1
Partner,73,0,0,4,44375.0,213,1,2
Partner,0,1,0,9,54450.0,454,2,1
Partner,74,0,0,8,59594.0,457,1,1
Partner,55,0,0,6,80685.0,241,4,1
Partner,48,0,0,4,40344.0,210,1,2
Partner,53,0,0,4,62710.0,441,2,2
Partner,13,0,0,1,48985.0,19,1,2
Partner,34,1,0,2,35322.0,28,0,0
Partner,54,0,0,4,77142.0,476,4,1
Single,69,0,0,3,81657.0,364,4,1
Partner,81,0,0,1,14421.0,0,0,2
Partner,99,0,0,1,20130.0,0,0,2
Partner,3,0,0,8,74214.0,863,2,1
Partner,61,1,0,8,66726.0,349,2,1
Partner,65,1,0,2,23724.0,5,0,0
Partner,93,0,0,2,47353.0,184,2,2
Partner,24,1,0,1,33444.0,8,0,0
Partner,8,0,0,3,54386.0,277,2,2
Single,72,1,0,2,28510.0,44,0,0
Single,29,0,0,3,90638.0,1156,4,1
Partner,33,0,0,8,48070.0,373,2,2
Partner,68,0,0,4,43140.0,134,1,2
Single,55,0,1,9,54959.0,1148,5,1
Single,76,1,0,2,15056.0,6,2,0
Single,17,1,0,1,26954.0,4,0,0
Single,94,1,0,1,22327.0,5,0,0
Partner,86,1,0,1,44393.0,24,0,0
Single,25,0,0,6,62000.0,899,6,1
Partner,22,0,0,3,31497.0,108,1,2
Partner,15,0,0,1,45894.0,27,0,2
Single,35,0,1,5,78579.0,816,6,1
Single,81,0,1,7,67369.0,1298,4,1
Single,55,0,0,1,58401.0,10,2,2
Single,94,0,0,4,62307.0,87,0,2
Partner,50,1,0,2,43641.0,57,1,0
Single,64,0,0,9,63841.0,635,3,1
Partner,91,0,0,2,46891.0,43,1,2
Partner,11,1,0,5,70091.0,964,2,1
Partner,72,0,0,3,78075.0,572,5,1
Single,6,0,0,6,59184.0,341,6,1
Partner,0,1,0,2,54809.0,63,1,0
Partner,66,0,0,9,58113.0,221,2,1
Partner,42,0,0,3,51412.0,140,2,2
Single,60,1,1,1,15287.0,1,1,0
Partner,64,0,0,3,66636.0,291,4,2
Partner,87,0,0,10,50965.0,544,4,1
Partner,96,0,0,6,84618.0,684,9,1
Partner,1,0,0,2,18351.0,1,0,2
Partner,54,0,0,1,40451.0,35,1,2
Partner,53,0,0,3,36317.0,87,0,2
Partner,96,0,0,5,42213.0,309,1,2
Partner,58,0,0,2,65748.0,172,4,2
Partner,12,0,0,7,77044.0,625,11,1
Partner,78,0,0,5,74918.0,972,9,1
Partner,64,1,0,4,56721.0,157,1,0
Single,26,1,1,2,42160.0,48,1,0
Single,8,0,0,4,61559.0,279,2,2
Partner,49,1,0,3,33629.0,132,1,0
Partner,56,0,0,4,68682.0,919,9,1
Single,55,0,0,2,34377.0,62,2,2
Single,25,1,0,3,8940.0,1,1,0
Partner,50,1,0,1,26228.0,2,0,0
Single,84,0,0,5,77297.0,408,7,1
Partner,30,1,0,2,40211.0,51,1,0
Single,81,1,0,2,33438.0,62,1,0
Partner,74,0,0,5,75032.0,952,4,1
Single,76,0,0,11,61284.0,618,2,1
Partner,36,1,1,2,22518.0,11,1,0
Partner,64,0,0,4,54730.0,318,1,2
Partner,62,1,0,3,38452.0,56,0,0
Single,53,1,0,5,44421.0,110,0,0
Partner,86,1,0,1,38197.0,23,0,0
Single,15,0,0,3,41986.0,27,0,2
Partner,67,1,0,2,28427.0,18,0,0
Partner,47,1,0,1,37395.0,18,0,0
Partner,47,1,0,8,64722.0,303,2,1
Partner,81,0,0,2,55249.0,97,1,2
Partner,98,0,0,5,84906.0,997,6,1
Partner,56,1,0,1,28691.0,5,0,0
Single,48,1,0,2,44213.0,95,1,0
Single,18,1,0,1,25707.0,1,0,0
Partner,74,2,0,2,59062.0,46,0,0
Single,68,0,0,5,76624.0,411,10,1
Partner,36,0,0,1,66000.0,244,3,2
Partner,90,1,0,6,27683.0,152,2,0
Single,65,0,0,0,1730.0,1,0,2
Single,63,1,0,3,7500.0,10,2,0
Partner,82,1,0,0,40521.0,12,1,0
Partner,63,1,0,1,20427.0,5,0,0
Partner,55,0,0,8,65106.0,790,3,1
Partner,64,0,1,4,69969.0,882,2,1
Partner,51,0,0,6,67433.0,615,5,1
Partner,97,0,1,11,77766.0,1004,10,1
Partner,92,0,0,7,74716.0,133,3,1
Single,51,0,0,8,68118.0,595,9,1
Partner,72,1,1,7,55158.0,293,2,0
Partner,39,0,1,7,62972.0,313,4,1
Partner,49,0,0,4,74190.0,151,2,2
Partner,21,1,0,1,39356.0,15,0,0
Partner,91,0,0,4,76653.0,736,7,1
Single,37,1,0,1,35860.0,15,1,0
Single,98,0,1,6,90687.0,982,2,1
Partner,85,0,0,7,73450.0,1142,8,1
Partner,40,1,0,2,31454.0,28,0,0
Single,2,1,1,2,47139.0,46,1,0
Single,78,0,1,4,83829.0,897,7,1
Partner,41,1,1,9,53378.0,489,4,1
Partner,94,1,0,2,19656.0,25,1,0
Partner,10,0,0,4,45579.0,145,1,2
Single,73,0,0,6,85485.0,630,6,1
Partner,22,0,0,7,55956.0,760,3,1
Single,30,0,0,5,64191.0,420,3,1
Single,21,1,1,5,38808.0,125,1,0
Partner,51,1,0,9,57183.0,464,1,1
Single,97,1,0,2,23748.0,6,1,0
Partner,56,0,0,3,66303.0,1090,4,1
Partner,4,1,0,1,37368.0,3,0,0
Partner,77,1,0,3,40800.0,24,0,0
Single,95,0,0,6,71847.0,737,7,1
Partner,36,0,0,5,46149.0,254,1,2
Partner,13,0,1,4,78687.0,817,6,1
Single,90,0,1,9,49118.0,620,7,1
Partner,49,1,0,1,37633.0,13,0,0
Partner,18,0,0,7,39767.0,113,1,2
Partner,89,0,0,4,26997.0,7,2,2
Single,43,1,0,1,33986.0,16,0,0
Partner,82,0,1,9,57091.0,462,2,1
Partner,84,1,0,1,46831.0,22,2,0
Partner,80,0,1,5,83151.0,968,7,1
Partner,68,0,0,7,52531.0,283,2,2
Partner,12,0,0,1,15759.0,1,0,2
Single,75,1,0,2,22804.0,14,0,0
Partner,10,1,0,2,43050.0,30,0,0
Single,91,1,0,1,42997.0,4,0,0
Single,21,1,0,1,48918.0,52,0,0
Partner,28,0,0,2,60033.0,62,1,2
Partner,97,1,0,2,34043.0,20,0,0
Partner,49,0,0,7,57811.0,545,2,1
Partner,14,0,1,4,78569.0,558,6,1
Single,5,1,0,2,7500.0,6,1,0
Partner,37,1,0,1,157733.0,39,0,0
Partner,62,0,1,5,94384.0,1111,8,1
Partner,83,0,0,2,23148.0,4,0,2
Single,48,1,0,5,44267.0,183,2,0
Partner,94,0,0,5,71626.0,546,5,1
Partner,61,0,0,10,60894.0,606,3,1
Partner,70,1,0,7,50200.0,266,1,0
Partner,43,0,0,5,81051.0,1142,5,1
Partner,23,0,1,10,65169.0,1074,4,1
Partner,37,0,0,11,59868.0,771,2,1
Partner,50,0,0,5,65695.0,371,4,1
Single,78,0,0,7,64857.0,556,5,1
Partner,74,0,0,6,45143.0,202,1,2
Partner,14,0,0,4,74805.0,209,7,1
Partner,77,1,0,3,59060.0,35,1,0
Single,39,1,0,3,27238.0,37,0,0
Partner,89,0,0,3,47009.0,171,2,2
Partner,62,1,0,1,46094.0,12,0,0
Partner,59,1,0,3,40321.0,44,0,0
Partner,68,1,0,1,37235.0,20,1,0
Partner,13,0,0,5,81843.0,779,9,1
Partner,37,0,0,6,46692.0,170,1,2
Partner,36,0,0,5,77382.0,491,7,1
Single,28,2,1,7,37774.0,173,2,0
Partner,2,1,0,3,18393.0,7,0,0
Partner,17,0,0,6,72828.0,1205,3,1
Partner,86,0,0,3,24711.0,10,0,2
Partner,54,1,0,3,45503.0,97,1,0
Single,2,0,0,1,6560.0,67,0,2
Partner,3,0,1,8,71604.0,345,3,1
Partner,84,1,0,2,27244.0,6,2,0
Partner,8,1,1,6,48752.0,73,1,0
Partner,4,0,0,7,71434.0,711,4,1
Single,57,0,0,4,90842.0,774,9,1
Partner,24,1,1,6,88097.0,163,5,1
Partner,51,0,0,5,51948.0,82,2,2
Partner,29,0,0,2,71853.0,358,8,1
Partner,13,0,0,3,35876.0,66,1,2
Single,23,0,0,1,40049.0,13,0,2
Single,36,1,1,7,39660.0,139,1,0
Partner,88,0,0,5,50127.0,274,1,2
Partner,2,0,0,5,43263.0,262,2,2
Partner,3,1,1,3,62845.0,1099,4,1
Partner,15,0,0,1,18929.0,32,0,2
Single,58,1,0,1,24367.0,2,0,0
Single,11,1,0,2,33249.0,6,1,0
Partner,27,0,0,1,26887.0,6,0,2
Partner,32,0,0,5,50150.0,135,2,2
Partner,12,0,0,10,62061.0,641,4,1
Single,88,0,1,4,85696.0,714,6,1
Partner,91,0,0,4,76542.0,794,8,1
Single,12,0,1,6,70515.0,420,6,1
Partner,21,1,0,0,18227.0,1,1,0
Partner,23,0,0,4,69139.0,86,1,2
Partner,10,0,1,6,69109.0,823,6,1
Single,35,0,0,8,69627.0,231,2,1
Partner,69,1,0,3,38136.0,8,1,0
Single,68,0,0,6,62159.0,182,2,2
Single,85,0,0,5,80695.0,557,8,1
Single,34,1,0,2,33316.0,79,1,0
Partner,55,1,0,8,58554.0,368,2,1
Partner,10,1,0,2,17256.0,6,1,0
Single,30,1,0,6,53034.0,160,1,0
Partner,36,0,0,8,52203.0,488,7,1
Single,14,0,0,2,59601.0,691,2,2
Single,79,0,1,6,75154.0,543,3,1
Single,52,0,0,6,47025.0,254,3,2
Partner,97,1,0,1,37971.0,5,0,0
Single,24,1,0,4,41335.0,112,1,0
Partner,0,0,0,3,67267.0,134,2,2
Single,96,0,0,4,57338.0,143,1,2
Partner,89,1,0,2,50523.0,51,0,0
Single,94,2,0,1,35791.0,27,0,0
Single,98,0,0,4,50611.0,459,5,1
Partner,72,0,0,8,56242.0,689,4,1
Single,1,0,0,7,48904.0,283,2,2
Single,26,1,0,4,56243.0,347,2,0
Partner,5,1,1,2,21355.0,5,1,0
Partner,22,0,0,5,57420.0,280,1,2
Single,56,0,0,4,46390.0,95,2,2
Partner,74,1,0,3,54342.0,84,1,0
Partner,24,1,0,2,20895.0,18,0,0
Partner,9,0,0,5,92344.0,992,10,1
Partner,10,1,0,1,26907.0,9,0,0
Partner,35,1,0,1,44964.0,19,0,0
Partner,56,0,0,8,75507.0,709,6,1
Partner,7,1,0,4,53761.0,158,4,0
Partner,51,1,0,2,22682.0,10,1,0
Partner,17,1,0,1,38887.0,25,0,0
Single,30,1,0,1,41658.0,8,1,0
Partner,21,1,0,2,29791.0,14,0,0
Partner,2,0,0,6,63915.0,622,3,1
Single,85,1,0,1,39996.0,11,0,0
Single,65,1,0,2,26759.0,25,1,0
Single,64,0,0,9,63841.0,635,3,1
Partner,11,1,0,6,51039.0,100,2,0
Partner,92,1,0,5,60544.0,201,1,0
Partner,54,0,0,9,65685.0,642,2,1
Partner,4,0,0,4,37716.0,97,1,2
Single,53,0,1,5,36864.0,204,2,2
Partner,39,1,0,8,44511.0,513,4,1
Partner,49,1,0,3,36947.0,88,0,0
Partner,70,0,0,6,47352.0,172,1,2
Partner,40,0,0,7,67087.0,329,5,1
Partner,40,0,0,4,57045.0,296,2,2
Single,43,1,1,3,36957.0,100,2,0
Partner,17,0,0,7,69389.0,422,2,1
Partner,40,1,1,5,80134.0,1218,3,1
Partner,84,1,0,1,43142.0,5,0,0
Partner,25,0,1,5,80589.0,507,10,1
Single,62,1,0,5,34412.0,52,0,0
Single,83,1,0,4,57537.0,191,3,0
Partner,47,0,0,2,22634.0,2,1,2
Partner,45,0,0,2,51315.0,68,2,2
Partner,34,2,0,2,36026.0,20,0,0
Partner,3,1,0,2,24639.0,20,0,0
Partner,1,2,0,1,34578.0,7,0,0
Single,18,0,0,2,65704.0,279,10,1
Single,45,0,0,4,63810.0,977,3,1
Partner,81,0,0,1,54132.0,30,0,2
Partner,77,0,0,1,18690.0,6,1,2
Partner,23,1,0,2,28164.0,3,0,0
Partner,48,1,0,1,34596.0,14,0,0
Partner,61,1,0,1,43269.0,10,0,0
Single,60,1,0,2,38741.0,7,0,0
Single,75,0,0,6,31907.0,33,1,2
Partner,64,1,0,1,27100.0,12,0,0
Single,54,1,0,1,31163.0,2,0,0
Partner,84,0,0,6,92533.0,693,5,1
Single,75,1,0,2,34853.0,9,0,0
Single,16,1,0,6,70844.0,129,1,0
Partner,79,1,0,1,31086.0,16,1,0
Partner,92,1,0,5,60544.0,201,1,0
Partner,16,0,0,0,20491.0,5,1,2
Partner,96,0,0,1,42523.0,14,1,2
Partner,30,1,0,3,39922.0,29,0,0
Partner,60,1,0,2,33402.0,26,1,0
Partner,11,1,0,1,36408.0,9,0,0
Partner,75,1,1,3,21645.0,14,0,0
Single,36,0,1,3,78427.0,972,7,1
Partner,71,0,0,7,82657.0,966,5,1
Partner,88,0,0,2,51876.0,99,2,2
Partner,93,0,0,4,78041.0,482,4,1
Partner,93,0,0,10,52852.0,714,7,1
Partner,54,0,0,4,70038.0,587,4,1
Partner,41,0,0,4,69401.0,399,4,1
Partner,46,1,0,3,46053.0,56,2,0
Partner,28,0,0,3,77343.0,227,4,2
Single,40,0,1,3,73892.0,703,11,1
Single,82,1,0,2,40304.0,37,0,0
Partner,38,0,0,7,32727.0,167,3,2
Partner,3,0,0,4,68695.0,458,4,1
Single,87,0,1,4,43300.0,91,0,2
Partner,49,1,0,2,26290.0,15,0,0
Single,16,0,1,6,93790.0,1302,7,1
Partner,65,0,1,5,38410.0,153,2,2
Single,9,0,0,7,64866.0,508,3,1
Partner,24,0,0,4,57957.0,290,6,1
Partner,25,1,0,1,46015.0,38,0,0
Partner,43,1,0,3,16531.0,2,0,0
Partner,10,1,0,1,28072.0,30,0,0
Single,29,0,0,2,49476.0,386,11,1
Partner,45,0,0,8,50725.0,443,1,2
Partner,57,0,0,4,83844.0,901,4,1
Partner,20,1,0,0,41145.0,9,0,0
Partner,29,0,0,9,67419.0,846,4,1
Partner,82,1,0,1,23162.0,8,1,0
Partner,68,1,0,4,34380.0,72,1,0
Single,65,0,0,1,34704.0,29,0,2
Partner,99,0,1,8,94871.0,169,5,1
Partner,9,0,0,6,65148.0,460,6,1
Partner,20,0,0,3,39898.0,69,0,2
Single,78,0,0,7,64857.0,556,5,1
Partner,26,0,0,2,59892.0,73,1,2
Single,68,0,0,3,41020.0,112,2,2
Partner,79,0,0,7,57072.0,944,5,1
Single,25,0,0,10,60474.0,265,2,1
Partner,83,0,0,5,62807.0,526,3,1
Partner,32,1,0,1,19414.0,2,0,0
Partner,49,1,0,1,19107.0,2,0,0
Partner,50,0,0,7,75484.0,378,3,1
Single,84,0,0,6,70379.0,553,3,1
Partner,96,0,0,4,79419.0,751,6,1
Partner,56,2,0,8,64014.0,406,2,0
Partner,85,0,0,11,76998.0,1449,8,1
Partner,63,1,0,6,49854.0,123,2,0
Partner,17,1,1,7,60585.0,267,4,1
Single,11,1,0,6,42873.0,209,1,0
Partner,62,0,1,7,87679.0,1259,11,1
Partner,48,1,0,7,57867.0,344,2,0
Partner,86,1,0,2,35765.0,22,0,0
Partner,73,0,0,4,65492.0,247,7,1
Single,36,1,0,2,32952.0,38,0,0
Partner,34,0,1,4,53374.0,896,2,1
Partner,16,0,0,9,71706.0,931,5,1
Partner,48,0,0,9,68487.0,758,7,1
Partner,61,1,0,4,53253.0,216,3,0
Single,54,1,0,1,31163.0,2,0,0
Partner,56,1,1,7,42014.0,244,1,0
Partner,74,1,0,8,54108.0,539,2,1
Single,35,0,1,5,49667.0,1181,10,1
Partner,65,0,0,4,63206.0,750,3,1
Partner,48,1,0,5,57136.0,306,2,0
Partner,88,0,0,11,46772.0,350,8,1
Partner,19,0,0,2,78931.0,331,8,1
Partner,21,0,0,5,53977.0,620,5,1
Partner,27,0,0,3,84219.0,434,4,1
Single,86,1,0,3,46098.0,57,2,0
Partner,92,0,0,10,73538.0,811,4,1
Partner,1,0,0,4,79529.0,423,8,1
Partner,14,0,1,3,20981.0,2,1,2
Single,74,1,0,4,51766.0,60,2,0
Partner,84,0,0,10,55759.0,675,3,1
Partner,4,1,0,2,33039.0,30,0,0
Partner,50,1,0,3,37787.0,40,0,0
Single,2,1,1,2,27242.0,3,0,0
Single,73,0,1,10,87188.0,910,2,1
Partner,21,0,0,4,69930.0,252,5,1
Single,82,1,0,2,37697.0,34,1,0
Partner,14,1,0,2,37401.0,19,0,0
Single,56,1,0,0,3502.0,2,0,0
Partner,20,1,0,7,58597.0,490,4,1
Single,54,0,0,4,82032.0,332,6,1
Partner,77,1,0,2,28087.0,53,2,0
Single,5,0,1,4,74004.0,784,6,1
Partner,65,0,0,1,19740.0,7,1,2
Partner,33,0,0,6,57036.0,1171,3,1
Partner,65,1,0,5,53083.0,215,1,0
Partner,41,0,0,7,69283.0,674,3,1
Single,86,1,1,3,46098.0,57,2,0
Partner,92,1,0,3,23331.0,5,0,0
Single,97,1,0,5,23331.0,104,1,0
Single,91,1,0,1,9255.0,9,1,0
Single,0,0,1,3,67786.0,431,6,1
Partner,59,0,0,3,71969.0,1000,4,1
Single,4,1,0,11,59235.0,448,2,1
Partner,5,1,0,3,31928.0,33,0,0
Partner,48,1,0,9,74881.0,505,2,1
Partner,99,0,0,5,65819.0,267,4,1
Single,81,1,0,0,51411.0,14,0,0
Single,95,0,0,9,51983.0,631,2,1
Partner,43,1,0,3,42386.0,65,0,0
Partner,5,0,0,2,30390.0,10,0,2
Single,50,0,1,4,30983.0,51,0,2
Single,76,0,0,8,66033.0,293,3,1
Partner,46,1,0,0,37284.0,11,0,0
Single,68,0,0,1,57530.0,50,1,2
Partner,33,0,0,4,76800.0,173,4,2
Partner,50,0,0,6,63943.0,423,4,1
Partner,85,0,0,4,76081.0,292,5,1
Partner,63,0,0,9,67445.0,757,6,1
Partner,89,1,0,1,37054.0,12,0,0
Partner,81,1,1,4,47175.0,167,2,0
Single,77,1,0,1,31859.0,3,0,0
Single,50,2,0,2,27215.0,30,1,0
Single,10,0,0,7,70179.0,532,3,1
Partner,30,1,0,3,39922.0,29,0,0
Partner,66,0,0,7,49681.0,411,1,2
Partner,16,1,0,1,24645.0,5,0,0
Single,12,0,0,5,79865.0,71,10,1
Partner,30,1,0,3,44322.0,46,0,0
Single,8,0,0,6,47958.0,268,3,2
Single,93,0,0,5,63972.0,928,4,1
Partner,14,0,0,5,75315.0,459,4,1
Partner,53,1,1,11,55517.0,483,1,1
Partner,26,1,0,6,75283.0,733,3,1
Single,23,0,1,7,82800.0,1006,6,1
Partner,92,1,0,2,38998.0,34,0,0
Single,29,0,1,3,90638.0,1156,4,1
Partner,41,1,0,1,27161.0,7,0,0
Partner,56,1,1,7,42014.0,244,1,0
Partner,19,0,0,5,38201.0,233,1,2
Partner,4,2,1,3,45203.0,35,1,0
Partner,89,0,0,4,81574.0,1252,5,1
Partner,71,0,0,2,34935.0,34,1,2
Single,81,0,0,7,60482.0,255,2,2
Partner,31,2,0,1,34633.0,8,0,0
Partner,53,0,0,4,78093.0,368,7,1
Single,78,0,0,5,82460.0,255,3,1
Partner,80,0,0,2,45903.0,33,1,2
Single,18,0,1,3,81361.0,163,10,1
Single,37,1,1,1,35860.0,15,1,0
Partner,52,1,1,3,40442.0,45,1,0
Partner,39,0,0,3,61482.0,48,2,2
Partner,11,1,0,3,34968.0,158,2,0
Partner,33,0,0,7,75794.0,754,5,1
Partner,22,0,0,3,31497.0,108,1,2
Partner,83,0,0,4,74268.0,199,3,2
Partner,43,1,0,2,13724.0,2,0,0
Partner,74,0,0,6,45143.0,202,1,2
Single,54,0,0,2,52569.0,85,0,2
Single,3,0,1,7,48432.0,322,1,2
Partner,96,1,0,3,17144.0,18,0,0
Single,68,1,0,7,36108.0,141,1,0
Partner,2,1,0,2,76445.0,739,5,1
Partner,40,1,0,1,36663.0,18,1,0
Partner,64,0,0,8,53843.0,378,5,1
Partner,26,0,0,4,90226.0,1083,7,1
Single,69,0,0,4,70638.0,1016,5,1
Partner,57,1,0,1,44512.0,23,0,0
Partner,78,1,0,2,27116.0,12,0,0
Partner,71,1,0,2,54072.0,35,0,0
Partner,59,0,0,5,71855.0,548,5,1
Single,28,1,0,10,51250.0,342,5,1
Partner,61,0,0,7,60432.0,365,2,1
Partner,22,0,0,4,65526.0,397,4,1
Single,95,0,0,4,68655.0,456,5,1
Partner,38,0,0,2,12393.0,5,0,2
Single,19,0,1,6,64509.0,836,3,1
Single,92,1,0,5,33955.0,100,1,0
Partner,24,1,1,1,31353.0,10,1,0
Partner,21,1,0,5,55434.0,238,3,0
Partner,35,1,0,1,28359.0,6,0,0
Single,9,1,0,3,57100.0,158,2,0
Partner,23,0,0,4,69139.0,86,1,2
Partner,92,0,0,9,52973.0,856,6,1
Partner,55,0,0,3,51717.0,98,0,2
Partner,14,1,0,2,18793.0,4,0,0
Partner,78,0,0,5,66664.0,398,7,1
Single,64,1,0,8,50664.0,313,1,0
Partner,49,1,0,3,54414.0,109,1,0
Partner,8,0,0,5,54549.0,216,1,2
Single,35,0,0,3,47111.0,595,2,2
Single,11,0,0,6,41003.0,123,2,2
Partner,8,1,1,4,19444.0,16,1,0
Partner,53,1,0,3,36301.0,11,0,0
Partner,36,0,0,9,73059.0,410,3,1
Partner,64,1,0,4,42731.0,159,1,0
Partner,43,1,0,2,52854.0,105,1,0
Partner,40,1,0,1,22775.0,5,0,0
Partner,52,0,0,4,46681.0,269,6,2
Partner,11,0,0,11,59821.0,629,2,1
Single,21,0,0,8,50002.0,443,2,1
Partner,23,0,0,3,69755.0,217,6,1
Partner,17,1,0,2,44078.0,24,0,0
Partner,6,1,0,1,30560.0,9,0,0
Partner,56,1,0,1,35924.0,8,0,0
Single,71,0,1,2,64140.0,1459,5,1
Partner,51,1,0,9,56386.0,230,1,0
Partner,94,1,0,1,24594.0,1,0,0
Partner,27,1,0,7,75774.0,340,5,1
Single,1,0,0,0,39228.0,7,0,2
Partner,56,0,0,6,58494.0,298,2,2
Single,71,0,0,5,58684.0,479,3,1
Single,18,0,1,7,57136.0,267,5,1
Single,48,1,0,2,56551.0,67,1,0
Partner,86,1,0,2,22448.0,3,1,0
Single,48,0,1,3,82014.0,980,6,1
Single,2,1,1,3,34213.0,50,1,0
Partner,13,0,0,0,157146.0,1,28,1
Single,57,0,0,1,25358.0,19,0,2
Single,77,1,0,2,35544.0,30,0,0
Partner,0,0,0,5,36634.0,213,2,2
Partner,57,0,0,5,62670.0,539,3,1
Partner,24,0,0,7,50334.0,284,4,1
Single,55,0,1,4,72066.0,1003,6,1
Single,62,1,0,6,50729.0,239,2,0
Partner,89,2,0,5,34916.0,51,1,0
Single,77,0,0,6,64892.0,527,4,1
Single,45,1,0,3,43602.0,19,1,0
Single,46,0,0,1,33996.0,40,1,2
Single,80,1,0,2,41473.0,21,0,0
Partner,60,0,0,6,63246.0,593,3,1
Partner,71,1,0,1,36732.0,21,1,0
Partner,43,1,0,7,69084.0,1181,3,1
Partner,97,0,1,11,77766.0,1004,10,1
Single,49,0,1,4,37929.0,202,2,2
Partner,66,0,0,5,86610.0,446,6,1
Partner,20,0,1,7,80141.0,1184,4,1
Partner,54,0,0,6,72635.0,390,8,1
Partner,61,0,0,8,69016.0,726,9,1
Partner,18,0,0,1,20193.0,8,1,2
Partner,45,1,0,5,27573.0,50,1,0
Single,26,1,0,1,15862.0,1,0,0
Partner,0,1,0,5,49544.0,308,1,0
Partner,28,1,0,2,33228.0,22,0,0
Partner,49,0,0,5,70440.0,690,10,1
Partner,84,1,0,3,38232.0,43,1,0
Partner,38,1,0,2,22554.0,27,0,0
Partner,53,1,0,0,23536.0,6,0,0
Partner,88,0,0,4,49413.0,205,2,2
Partner,99,1,0,1,42231.0,24,0,0
Single,12,0,1,4,78789.0,667,6,1
Partner,35,0,1,10,56534.0,691,4,1
Single,5,0,0,8,58350.0,493,3,1
Single,77,0,0,3,81217.0,493,7,1
Single,45,0,0,7,49090.0,494,2,1
Single,71,0,0,8,61787.0,621,4,1
Partner,40,1,0,1,18169.0,9,0,0
Single,82,1,0,1,24336.0,1,0,0
Partner,70,0,0,2,18222.0,12,0,2
Single,87,0,0,3,62335.0,243,3,2
Partner,95,1,0,1,42033.0,11,0,0
Partner,72,0,0,4,86580.0,532,2,1
Single,5,1,0,1,41437.0,29,0,0
Single,86,0,0,9,73705.0,612,6,1
Partner,80,0,0,8,61064.0,387,4,1
Partner,62,1,0,3,38452.0,56,0,0
Single,49,1,0,3,18358.0,6,0,0
Partner,85,0,0,8,55012.0,582,2,1
Partner,7,1,1,3,9722.0,6,1,0
Partner,6,1,0,3,38175.0,70,1,0
Partner,25,0,0,7,58656.0,962,8,1
Partner,55,0,0,5,52117.0,112,2,2
Partner,81,1,0,7,64813.0,293,2,0
Partner,98,0,0,3,54222.0,199,3,2
Partner,31,0,1,4,83512.0,1060,7,1
Partner,30,0,1,8,77520.0,940,7,1
Partner,98,0,0,1,41154.0,44,0,2
Partner,92,0,0,5,80398.0,342,8,1
Single,41,1,0,3,18746.0,2,0,0
Partner,68,1,0,6,35196.0,75,1,0
Single,78,0,0,6,60230.0,520,3,1
Partner,46,1,0,2,22108.0,5,0,0
Partner,71,1,0,4,44392.0,87,1,0
Partner,6,0,1,7,55424.0,462,5,1
Partner,82,1,0,1,17688.0,2,0,0
Partner,71,0,1,7,92491.0,979,5,1
Single,32,0,1,5,90273.0,704,6,1
Single,28,0,0,6,82571.0,861,5,1
Single,20,1,1,6,38513.0,172,1,0
Single,10,1,1,2,16653.0,5,1,0
Partner,7,1,1,4,42586.0,194,1,0
Single,67,0,0,1,23529.0,9,1,2
Partner,48,1,0,9,74881.0,505,2,1
Partner,61,0,0,7,71107.0,533,6,1
Partner,36,1,0,2,46910.0,48,0,0
Partner,77,0,0,1,18690.0,6,1,2
Single,90,1,0,1,37244.0,18,1,0
Partner,35,0,0,3,82427.0,482,5,1
Single,38,0,0,5,75342.0,204,2,2
Single,46,0,0,7,70044.0,1073,10,1
Single,33,1,0,8,79146.0,245,1,1
Partner,70,0,0,4,77437.0,560,5,1
Partner,51,0,0,6,54984.0,173,1,2
Partner,18,1,0,1,42403.0,22,0,0
Partner,97,0,0,4,55761.0,136,1,2
Partner,32,1,0,6,37292.0,275,3,0
Single,9,0,1,3,45576.0,56,1,2
Partner,6,0,1,6,70321.0,303,5,1
Single,80,0,0,11,58086.0,708,3,1
Partner,74,0,0,4,81795.0,324,11,1
Partner,49,0,0,1,28389.0,1,0,2
Partner,21,0,0,6,66835.0,620,4,1
Single,95,0,0,7,69901.0,312,3,1
Partner,56,0,0,4,80360.0,1493,4,1
Partner,48,0,1,8,63342.0,918,3,1
Partner,26,0,0,5,44989.0,98,1,2
Single,3,1,0,1,31859.0,3,0,0
Single,39,0,1,7,51569.0,380,1,2
Single,33,1,0,2,30372.0,15,0,0
Single,42,1,0,1,16014.0,3,1,0
Partner,80,1,0,2,41120.0,24,1,0
Single,9,1,1,5,39763.0,80,1,0
Partner,52,1,0,1,38725.0,31,0,0
Partner,78,1,0,7,77981.0,138,4,1
Partner,68,0,0,7,62905.0,166,2,2
Single,45,1,0,2,13533.0,12,0,0
Partner,47,0,0,3,59481.0,178,3,2
Partner,34,0,0,9,72117.0,707,7,1
Partner,81,1,0,2,21955.0,5,1,0
Partner,72,0,0,9,67131.0,465,2,1
Single,23,1,0,1,36802.0,16,0,0
Partner,29,0,0,2,71853.0,358,8,1
Partner,80,0,0,2,28249.0,1,0,2
Partner,30,0,0,3,47808.0,123,2,2
Single,15,1,1,3,25509.0,40,0,0
Partner,86,0,0,4,51012.0,102,1,2
Single,68,0,0,3,70596.0,347,5,1
Partner,54,0,0,2,85431.0,376,7,1
Partner,44,0,0,1,42664.0,21,0,2
Partner,7,1,1,4,42586.0,194,1,0
Single,87,1,0,3,29760.0,64,1,0
Partner,59,0,0,5,28973.0,206,1,2
Partner,16,1,0,3,39435.0,71,1,0
Partner,1,0,0,2,65370.0,71,3,2
Single,64,1,0,2,20194.0,0,0,0
Single,72,1,0,2,42473.0,93,1,0
Partner,98,0,0,9,64590.0,920,4,1
Partner,91,0,0,11,71232.0,653,2,1
Partner,8,1,1,5,34600.0,199,2,0
Single,20,1,0,5,46904.0,153,1,0
Partner,6,0,0,6,49094.0,376,3,2
Partner,54,1,0,2,36075.0,46,0,0
Partner,72,1,0,2,60839.0,600,2,0
Partner,46,0,0,6,77298.0,425,6,1
Partner,11,1,0,2,34026.0,18,1,0
Single,21,1,0,1,48918.0,52,0,0
Partner,89,0,0,3,82122.0,734,9,1
Single,82,1,0,2,37697.0,34,1,0
Partner,69,1,0,3,34074.0,135,3,0
Partner,55,1,0,1,28520.0,11,1,0
Single,13,0,0,3,62535.0,163,2,2
Single,80,1,0,3,36273.0,29,0,0
Partner,97,0,0,6,63404.0,734,3,1
Partner,27,1,0,7,75774.0,340,5,1
Partner,99,0,0,7,78416.0,453,7,1
Partner,87,0,0,10,75702.0,1073,5,1
Partner,85,1,0,3,59385.0,135,1,0
Single,30,1,1,5,37070.0,231,1,0
Partner,82,1,0,1,44689.0,18,1,0
Partner,21,0,0,5,53977.0,620,5,1
Single,92,0,0,23,7144.0,81,1,1
Single,95,1,0,2,18701.0,12,0,0
Partner,2,0,1,4,90369.0,292,6,1
Single,74,0,0,3,63159.0,965,5,1
Partner,49,1,0,1,37758.0,27,0,0
Single,71,0,0,4,46757.0,777,4,1
Partner,72,0,0,4,79734.0,572,3,1
Partner,68,0,0,2,63207.0,438,3,2
Single,4,0,0,5,72071.0,531,4,1
Partner,80,1,0,1,21840.0,17,0,0
Partner,15,0,0,9,58582.0,402,2,1
Single,70,0,1,5,72282.0,503,7,1
Partner,91,0,0,6,50387.0,369,2,2
Partner,10,1,0,1,32583.0,5,0,0
Partner,99,0,0,5,62568.0,362,3,1
Single,25,1,0,2,44635.0,56,0,0
Single,34,1,0,2,33316.0,79,1,0
Partner,57,0,0,4,63967.0,387,4,1
Partner,84,0,0,9,52513.0,367,5,1
Partner,51,1,0,1,25293.0,15,1,0
Single,97,0,0,5,54111.0,267,2,2
Partner,13,0,1,4,78394.0,298,6,1
Partner,92,0,0,3,80739.0,674,11,1
Partner,30,1,1,4,22669.0,16,1,0
Single,30,1,0,4,29236.0,37,0,0
Partner,11,0,0,4,44911.0,159,1,2
Partner,72,0,0,6,54693.0,686,4,1
Partner,39,1,0,4,48186.0,97,1,0
Partner,0,1,1,2,54809.0,63,1,0
Partner,15,1,0,2,41580.0,56,1,0
Partner,12,0,0,2,80336.0,209,9,1
Partner,56,0,0,4,47743.0,198,1,2
Partner,39,0,0,7,62972.0,313,4,1
Single,55,0,1,8,57333.0,941,5,1
Partner,60,1,0,4,32313.0,86,0,0
Single,73,0,1,3,84953.0,167,10,1
Single,90,1,0,2,27071.0,8,0,0
Partner,86,0,0,4,68148.0,389,4,1
Partner,37,1,0,6,65735.0,239,2,0
Partner,7,0,1,6,86836.0,179,10,1
Partner,29,1,0,0,4023.0,5,0,0
Partner,19,0,0,2,30093.0,2,0,2
Partner,14,0,0,8,57705.0,383,1,2
Single,72,1,0,1,25008.0,2,0,0
Single,56,0,1,5,83257.0,536,10,1
Partner,85,1,0,1,22280.0,2,0,0
Partner,62,0,0,4,72159.0,322,6,1
Partner,1,0,1,4,64260.0,539,5,1
Single,28,0,1,8,82733.0,712,4,1
Single,70,0,0,10,74290.0,1121,8,1
Single,84,2,0,2,58217.0,68,0,0
Partner,89,0,0,2,21024.0,36,0,2
Partner,73,0,0,2,70116.0,707,8,1
Partner,42,1,0,8,54006.0,174,1,0
Partner,16,0,0,5,69063.0,666,3,1
Single,16,0,0,1,11448.0,0,0,2
Single,56,0,0,4,61825.0,162,2,2
Partner,65,1,0,5,70886.0,407,4,1
Partner,10,0,1,6,69109.0,823,6,1
Single,13,1,1,8,60208.0,488,3,1
Partner,78,1,0,2,32889.0,28,1,0
Single,51,1,0,1,34738.0,3,0,0
Partner,27,1,0,9,30538.0,284,0,0
Partner,30,0,1,5,82326.0,938,10,1
Single,71,1,0,2,26642.0,13,0,0
Single,97,0,0,7,69932.0,412,6,1
Single,83,1,0,2,44503.0,31,0,0
Single,3,0,0,6,60200.0,502,2,1
Single,71,0,0,1,49638.0,18,0,2
Single,3,0,0,1,23830.0,1,0,2
Single,15,0,1,9,33051.0,100,1,2
Partner,52,0,0,3,72905.0,407,7,1
Partner,8,0,0,7,69702.0,664,7,1
Single,89,1,0,5,70300.0,1045,5,1
Partner,66,0,1,5,70643.0,1218,8,1
Partner,22,1,1,1,30396.0,15,1,0
Single,56,0,0,4,50616.0,128,0,2
Single,74,0,0,5,62772.0,581,6,1
Single,48,0,0,1,30298.0,6,1,2
Single,67,1,0,7,52413.0,185,1,0
Partner,24,1,0,1,44155.0,22,1,0
Single,67,0,1,5,86979.0,584,5,1
Partner,38,1,0,9,76532.0,355,5,1
Partner,86,1,0,6,42081.0,175,3,0
Partner,90,0,0,4,67546.0,864,10,1
Partner,87,0,0,4,88420.0,957,7,1
Partner,62,1,0,2,31158.0,25,0,0
Single,23,0,0,10,61671.0,641,4,1
Single,99,0,0,2,69719.0,273,3,2
Single,29,0,0,3,49160.0,122,1,2
Partner,52,1,0,1,24882.0,1,1,0
Single,90,0,0,4,90933.0,1020,6,1
Single,9,0,0,27,113734.0,6,0,1
Partner,71,0,0,3,59292.0,378,5,1
Partner,13,1,0,2,45759.0,42,0,0
Single,16,0,0,1,22148.0,15,0,2
Partner,94,0,0,4,73395.0,272,4,1
Single,77,1,0,3,29819.0,9,0,0
Partner,20,0,0,3,45688.0,279,1,2
Partner,51,0,0,3,62820.0,398,4,2
Partner,81,0,0,6,60491.0,637,11,1
Partner,71,1,0,3,33235.0,45,0,0
Partner,36,0,0,1,35701.0,21,0,2
Partner,95,1,0,1,31535.0,15,1,0
Partner,32,0,0,3,92556.0,493,5,1
Single,32,0,0,7,67384.0,957,8,1
Partner,85,0,0,4,80573.0,829,6,1
Partner,93,0,1,5,77870.0,1017,5,1
Single,24,0,0,10,52278.0,953,5,1
Single,44,0,1,4,57107.0,159,4,2
Partner,15,0,0,1,18929.0,32,0,2
Single,82,1,0,3,36038.0,23,0,0
Single,27,0,0,2,20180.0,18,1,2
Partner,72,1,0,1,34230.0,15,0,0
Single,7,0,0,1,31878.0,23,0,2
Partner,57,0,0,6,70932.0,200,2,2
Single,84,0,1,7,91249.0,1324,9,1
Single,53,0,0,7,77598.0,1193,5,1
Single,48,1,0,11,80982.0,505,5,1
Partner,2,1,0,1,22701.0,2,0,0
Partner,65,0,0,4,55212.0,1103,2,1
Partner,45,0,0,3,70617.0,353,3,2
Single,42,0,1,9,64849.0,652,3,1
Partner,29,1,0,9,62694.0,379,3,1
Partner,83,1,0,2,61917.0,46,0,0
Partner,93,0,0,4,67472.0,162,2,2
Partner,40,1,0,3,21059.0,8,0,0
Partner,47,2,0,3,29543.0,17,1,0
Partner,50,0,0,6,75903.0,340,6,1
Partner,40,1,0,1,34984.0,8,0,0
Single,3,0,1,4,54998.0,154,2,2
Single,62,0,1,11,54356.0,710,2,1
Partner,25,0,0,0,34242.0,8,0,2
Partner,48,1,0,1,25410.0,2,0,0
Partner,56,0,1,5,73356.0,1050,11,1
Partner,68,0,0,1,28320.0,19,0,2
Single,64,1,0,1,23763.0,22,0,0
Partner,67,0,0,4,72570.0,274,6,1
Partner,94,1,0,2,34529.0,68,2,0
Single,82,0,0,3,70792.0,344,4,2
Partner,3,0,1,3,63211.0,145,8,1
Partner,24,0,0,4,83891.0,217,7,1
Single,54,1,0,3,36065.0,18,0,0
Partner,20,0,0,3,39898.0,69,0,2
Single,96,0,0,3,51141.0,144,1,2
Partner,19,0,0,3,56939.0,256,3,2
Single,60,0,0,4,80872.0,483,4,1
Partner,2,0,1,10,72335.0,1285,4,1
Single,13,0,0,4,61798.0,338,2,2
Single,37,0,0,1,76842.0,605,8,1
Partner,59,1,0,1,29478.0,8,0,0
Single,55,0,0,5,46998.0,172,3,2
Single,60,0,1,6,96843.0,448,11,1
Single,48,1,0,2,56551.0,67,1,0
Partner,38,0,0,8,70053.0,512,5,1
Single,8,0,1,5,71670.0,1462,3,1
Partner,19,1,0,2,44359.0,20,0,0
Single,32,1,1,3,40887.0,50,1,0
Single,27,0,0,3,48877.0,102,0,2
Partner,58,0,0,6,74485.0,499,7,1
Partner,59,0,0,8,64474.0,381,2,1
Partner,29,0,0,6,77226.0,631,8,1
Single,60,0,1,3,72643.0,526,10,1
Partner,41,0,0,3,85738.0,913,6,1
Single,27,0,0,6,55686.0,673,3,1
Single,28,1,0,1,39062.0,23,0,0
Partner,8,1,1,5,34600.0,199,2,0
Partner,18,0,0,6,40794.0,261,3,2
Partner,76,1,0,3,54690.0,111,1,0
Partner,0,0,0,25,4428.0,16,0,1
Partner,32,0,0,4,32632.0,63,4,2
Single,2,1,0,3,38236.0,58,0,0
Partner,16,1,1,2,36781.0,29,1,0
Single,56,1,1,1,31385.0,3,0,0
Partner,97,1,0,4,24570.0,28,0,0
Single,15,1,1,3,25509.0,40,0,0
Partner,35,0,0,5,94642.0,879,7,1
Partner,3,0,0,2,58646.0,62,1,2
Single,49,1,0,6,53201.0,280,3,0
Partner,4,0,0,0,21994.0,9,0,2
Partner,45,1,0,4,57113.0,182,1,0
Partner,37,0,0,3,51373.0,83,5,2
Partner,39,1,0,3,23477.0,38,0,0
Partner,38,0,0,3,58116.0,228,3,2
Single,8,0,1,5,72968.0,1092,5,1
Partner,89,0,0,3,39791.0,85,1,2
Single,47,0,1,9,91712.0,1276,7,1
Single,75,0,0,5,94472.0,1017,5,1
Partner,86,1,0,1,13672.0,6,0,0
Partner,4,0,1,7,96547.0,448,6,1
Partner,73,0,1,6,79205.0,504,5,1
Partner,46,0,0,4,56559.0,226,3,2
Partner,38,1,0,7,32644.0,239,1,0
Single,73,0,0,4,67506.0,90,1,2
Single,66,1,0,1,24206.0,7,0,0
Single,36,1,0,1,28420.0,4,0,0
Partner,29,1,1,3,22979.0,16,2,0
Single,29,0,0,0,33279.0,10,0,2
Single,6,1,0,2,46423.0,68,0,0
Partner,97,0,0,2,30368.0,35,0,2
Partner,61,0,0,8,63684.0,575,4,1
Single,68,0,0,5,41638.0,315,5,2
Single,73,0,0,3,68805.0,182,1,2
Partner,90,0,0,8,65814.0,561,2,1
Single,81,0,0,5,71964.0,587,6,1
Single,1,1,0,4,39146.0,94,0,0
Partner,79,0,1,7,96876.0,908,7,1
Partner,92,0,0,11,34445.0,228,2,2
Single,31,0,1,2,68281.0,995,9,1
Partner,46,1,0,0,37284.0,11,0,0
Partner,14,0,1,2,36790.0,3,1,2
Partner,89,1,0,2,27943.0,12,0,0
Single,31,1,0,1,22263.0,17,0,0
Partner,75,1,0,0,30261.0,8,0,0
Partner,42,1,0,2,28587.0,22,0,0
Partner,53,1,0,2,43815.0,14,0,0
Partner,53,1,0,4,48195.0,106,2,0
Partner,23,0,0,8,77027.0,820,3,1
Partner,57,0,0,8,71322.0,753,5,1
Partner,49,1,0,2,32765.0,13,0,0
Partner,6,1,0,0,29672.0,9,0,0
Single,29,0,0,1,23272.0,19,0,2
Partner,5,0,1,10,49912.0,520,5,1
Partner,98,1,0,2,7500.0,5,1,0
Single,80,0,1,11,68117.0,618,8,1
Partner,4,0,0,7,67225.0,315,2,2
Partner,70,1,0,3,17649.0,15,0,0
Partner,32,0,0,11,55914.0,384,6,1
Partner,82,1,0,6,40059.0,110,2,0
Partner,27,0,0,3,60905.0,208,3,2
Partner,94,1,0,10,75330.0,555,3,1
Single,23,0,0,4,60689.0,240,4,2
Partner,97,1,0,2,38680.0,11,0,0
Partner,25,0,0,10,61416.0,848,3,1
Single,92,0,0,5,49767.0,202,4,2
Single,98,1,0,4,83273.0,433,6,1
Partner,19,1,0,2,29009.0,6,0,0
Partner,80,1,0,2,45057.0,37,0,0
Partner,80,1,0,4,37150.0,167,3,0
Single,79,1,0,4,43020.0,45,1,0
Partner,50,0,0,3,53154.0,129,1,2
Partner,60,0,0,7,65308.0,713,8,1
Single,44,1,1,2,76467.0,676,5,1
Partner,0,0,0,5,81044.0,450,6,1
Partner,28,1,0,1,32871.0,22,0,0
Single,35,1,0,7,55801.0,367,2,0
Single,49,0,0,6,76320.0,526,3,1
Single,46,1,0,3,36927.0,51,0,0
Partner,97,1,0,1,48794.0,25,0,0
Single,51,0,0,3,23478.0,28,0,2
Single,80,1,0,2,71128.0,958,10,1
Single,10,0,0,7,70179.0,532,3,1
Partner,29,0,0,9,59462.0,724,2,1
Partner,74,1,0,3,38361.0,39,1,0
Partner,54,0,0,4,70038.0,587,4,1
Partner,93,1,0,2,42554.0,29,0,0
Partner,63,0,0,9,67445.0,757,6,1
Single,92,0,0,4,67046.0,544,5,1
Partner,40,0,0,2,42192.0,40,1,2
Partner,70,0,0,4,77610.0,1245,7,1
Partner,96,1,0,3,31761.0,19,0,0
Partner,81,1,0,1,34350.0,16,0,0
Partner,63,0,0,6,54591.0,376,2,2
Partner,85,0,0,6,71866.0,184,3,2
Partner,51,1,0,1,25293.0,15,1,0
Single,23,0,1,5,42000.0,124,2,2
Partner,95,0,0,9,69520.0,627,6,1
Single,11,1,1,5,64713.0,180,5,0
Partner,42,1,0,1,27889.0,14,1,0
Single,77,0,0,2,22123.0,3,1,2
Partner,40,1,0,3,27803.0,8,0,0
Partner,32,0,0,6,51651.0,293,2,2
Partner,48,0,0,9,68487.0,758,7,1
Partner,24,0,0,8,56796.0,656,9,1
Partner,61,0,0,4,87000.0,196,6,1
Partner,6,0,0,6,79823.0,835,9,1
Single,16,1,0,1,30828.0,16,1,0
Partner,39,0,0,0,34109.0,9,0,2
Single,2,1,1,5,53367.0,229,1,0
Partner,49,0,0,1,22390.0,0,0,2
Partner,31,0,0,4,71322.0,121,1,2
Other,58,0,1,4,79244.0,471,10,1
Partner,5,0,1,10,49912.0,520,5,1
Partner,90,1,0,1,48699.0,26,0,0
Partner,47,0,0,3,80144.0,240,7,1
Single,25,1,0,4,54252.0,178,1,0
Partner,60,1,1,4,81929.0,1486,4,1
Partner,67,0,0,2,76068.0,1115,3,1
Partner,40,1,0,1,53204.0,29,0,0
Partner,63,0,0,6,67911.0,529,7,1
Partner,1,1,1,1,14796.0,13,0,0
Partner,89,0,0,8,78128.0,934,4,1
Partner,40,0,0,2,14188.0,2,0,2
Partner,5,1,0,2,20425.0,4,0,0
Partner,3,0,0,2,58646.0,62,1,2
Single,1,0,1,7,72967.0,158,2,2
Partner,24,0,0,5,48150.0,173,1,2
Single,89,0,1,5,82332.0,830,3,1
Single,48,1,0,8,58275.0,189,2,0
Partner,31,0,0,7,44953.0,728,3,1
Partner,68,1,0,1,34587.0,7,0,0
Partner,46,0,0,2,43018.0,35,2,2
Partner,92,0,0,7,45736.0,188,1,2
Partner,80,0,0,6,66476.0,742,8,1
Partner,16,1,0,2,27733.0,0,0,0
Partner,50,0,0,6,69805.0,750,8,1
Single,93,0,0,3,72217.0,816,10,1
Single,51,1,0,0,25818.0,5,1,0
Partner,24,1,0,3,37509.0,37,0,0
Partner,79,1,0,1,25176.0,4,0,0
Partner,26,0,0,3,43586.0,99,0,2
Partner,86,0,0,5,53230.0,176,2,2
Partner,68,1,0,1,50116.0,54,0,0
Partner,98,0,0,5,84906.0,997,6,1
Partner,34,0,0,7,61286.0,356,1,2
Partner,60,0,1,4,82333.0,1311,3,1
Partner,3,0,1,8,65220.0,890,4,1
Partner,65,2,0,1,33590.0,4,0,0
Single,83,1,0,1,30992.0,17,0,0
Single,64,0,1,5,72309.0,960,6,1
Partner,85,0,0,0,156924.0,2,0,2
Partner,69,1,0,2,16005.0,1,1,0
Other,48,0,0,3,65487.0,240,5,2
Partner,21,0,0,8,58692.0,301,2,2
Single,30,1,0,3,40590.0,154,4,0
Single,39,1,0,1,20587.0,2,1,0
Single,76,0,0,2,62637.0,104,2,2
Single,11,1,1,3,29435.0,70,2,0
Single,26,1,0,1,19346.0,2,0,0
Partner,34,1,0,2,35788.0,23,0,0
Single,72,1,0,2,36997.0,43,1,0
Partner,13,0,0,2,23539.0,4,0,2
Single,58,0,0,9,65333.0,654,4,1
Single,12,0,1,11,78499.0,912,3,1
Partner,23,1,0,2,29732.0,25,0,0
Partner,33,1,0,3,41275.0,24,1,0
Partner,30,1,0,4,63516.0,141,1,0
Partner,15,0,0,1,42769.0,71,1,2
Partner,25,1,0,2,49572.0,35,0,0
Partner,4,0,0,5,69209.0,496,3,1
Partner,80,1,0,3,17148.0,9,1,0
Single,30,1,0,3,40590.0,154,4,0
Partner,6,1,0,1,30560.0,9,0,0
Partner,16,1,0,2,32146.0,26,0,0
Single,57,1,0,3,41713.0,77,1,0
Partner,9,0,0,1,34176.0,11,0,2
Partner,59,0,0,7,58482.0,576,4,1
Single,78,0,0,4,59686.0,89,1,2
Partner,90,0,1,9,60896.0,1013,10,1
Partner,74,1,0,6,62994.0,224,2,0
Partner,10,0,0,5,47320.0,200,1,2
Single,63,0,0,6,74859.0,570,5,1
Single,13,1,0,1,15253.0,1,0,0
Single,98,1,0,2,31560.0,62,1,0
Single,4,0,0,5,72071.0,531,4,1
Single,94,0,1,4,91172.0,162,3,2
Partner,91,0,0,4,90000.0,675,8,1
Single,66,1,0,1,41967.0,23,0,0
Single,14,0,0,9,69263.0,492,1,1
Single,77,0,1,11,65706.0,918,3,1
Partner,41,0,0,6,60934.0,224,4,2
Partner,21,0,0,6,71965.0,572,3,1
Partner,25,0,0,9,65210.0,626,3,1
Partner,2,0,1,5,79174.0,1074,6,1
Single,51,0,0,4,81380.0,741,2,1
Other,3,0,0,7,48432.0,322,1,2
Partner,32,0,0,7,52914.0,254,3,2
Partner,84,0,0,3,38946.0,116,1,2
Partner,49,1,0,3,26067.0,22,0,0
Partner,69,0,0,8,44325.0,516,2,1
Partner,96,0,0,1,42523.0,14,1,2
Single,23,1,0,2,26487.0,2,1,0
Partner,18,0,0,1,53233.0,28,0,2
Partner,8,0,0,7,67716.0,530,4,1
Partner,21,0,0,8,76234.0,519,3,1
Partner,60,0,0,7,84117.0,611,10,1
Partner,48,0,0,3,65487.0,240,5,2
Partner,36,1,0,1,25224.0,4,1,0
Single,36,0,1,7,89616.0,671,5,1
Single,63,1,0,1,40851.0,23,1,0
Partner,2,0,0,0,27469.0,9,0,2
Partner,38,0,1,7,82347.0,556,7,1
Partner,61,0,1,9,73803.0,833,5,1
Single,52,1,0,3,8820.0,12,0,0
Single,25,0,0,3,43322.0,56,0,2
Partner,63,0,0,6,55593.0,293,6,1
Partner,10,1,1,5,50501.0,297,4,0
Partner,65,1,0,3,37085.0,39,0,0
Single,71,1,0,2,16185.0,5,2,0
Single,0,0,0,8,57731.0,266,8,1
Other,3,0,1,7,48432.0,322,1,2
Partner,88,0,0,5,73807.0,366,5,1
Partner,15,0,0,1,18929.0,32,0,2
Single,80,1,0,3,35893.0,158,1,0
Partner,17,0,0,9,61014.0,269,3,1
Partner,76,1,0,2,32144.0,41,1,0
Partner,52,0,0,1,14918.0,3,0,2
Single,28,1,0,1,45146.0,33,1,0
Single,31,0,0,8,41769.0,302,1,2
Partner,42,0,0,6,88325.0,519,2,1
Single,24,1,0,2,38054.0,23,0,0
Single,42,0,0,4,80617.0,594,6,1
Partner,12,0,0,1,5305.0,12,0,2
Partner,88,1,0,1,36807.0,4,0,0
Partner,67,1,0,2,28427.0,18,0,0
Single,54,0,0,4,82032.0,332,6,1
Partner,40,1,0,1,22775.0,5,0,0
Partner,73,1,0,6,40101.0,171,1,0
Partner,81,0,0,3,58025.0,270,2,2
Single,12,0,1,3,75777.0,712,6,1
Partner,7,1,0,3,7500.0,2,2,0
Partner,33,1,0,2,33562.0,21,0,0
Single,24,0,0,7,57642.0,580,6,1
Partner,55,1,0,8,58554.0,368,2,1
Partner,87,1,0,11,63777.0,457,1,1
Single,39,0,0,4,57967.0,229,2,2
Partner,9,2,0,2,24434.0,3,1,0
Single,82,1,0,3,11012.0,24,1,0
Single,71,0,0,9,44802.0,853,4,1
Single,50,0,0,0,26816.0,5,0,2
Partner,23,1,0,3,666666.0,9,1,1
Partner,81,1,0,1,34421.0,3,0,0
Partner,46,0,0,9,61223.0,709,3,1
Partner,56,2,0,8,64014.0,406,2,0
Single,91,0,0,2,56981.0,908,3,1
Partner,8,0,0,6,69245.0,428,5,1
Partner,40,1,1,3,52869.0,84,1,0
